route_distance_km,traffic_index,weather,vehicle_age_years,package_weight_kg,priority,warehouse_delay_hr,stop_count,weekend,delivery_time_hr
33.3,31.716862746326274,Clear,1,2.98,Standard,0.1943536623034272,7,1,4.71
24.1,42.05787998173473,Clear,7,5.52,Standard,0.26222127572576104,4,1,4.99
22.9,26.864389033112545,Clear,2,2.48,Express,0.43742289054844324,7,0,2.47
22.9,79.06456787616483,Clear,1,6.79,Express,0.0,8,1,5.46
54.7,76.28618308709568,Clear,3,9.88,Standard,0.09757420194049671,13,0,8.11
38.0,53.067613767147705,Clear,5,3.19,Standard,0.0,9,0,6.38
20.1,72.9895425882024,Clear,5,2.29,Standard,1.7421125022244017,7,0,6.2
34.1,89.25926837908888,Clear,3,1.69,Standard,1.2329236746717531,9,0,6.1
29.4,68.5733667968456,Clear,6,4.79,Standard,1.3501818692058223,10,0,7.12
8.6,63.63423531117934,Clear,3,5.69,Standard,1.2121823660793634,6,1,5.56
14.8,58.581094536699574,Rain,8,2.29,Express,0.9168773363339142,6,0,5.86
30.5,66.69095256746631,Clear,8,7.72,Express,1.822476232490396,9,1,7.68
52.1,48.44945091718654,Rain,7,4.54,Standard,0.37246614098778397,10,0,7.93
23.0,50.020554355093964,Clear,2,3.17,Standard,0.8746687587569315,8,0,6.34
19.3,63.116044753825264,Clear,8,3.71,Express,1.3229411794768862,6,0,5.58
27.5,46.47043233712848,Clear,4,1.42,Express,0.0,8,0,4.78
18.7,48.41560588971696,Clear,7,4.76,Express,2.9676122272997842,6,0,7.6
22.2,55.003359963429524,Rain,7,1.5,Standard,0.8199960339443103,7,0,5.49
25.8,75.71093591067525,Clear,7,2.09,Standard,0.8993926154029149,11,0,7.23
14.4,34.612052435926344,Clear,1,2.85,Standard,1.679814622172445,5,0,5.98
39.0,68.6652130486947,Clear,1,8.93,Standard,1.4404687331071566,11,0,9.53
13.1,69.25233543046247,Clear,5,3.52,Standard,0.8266546135775215,4,0,5.6
12.2,69.14461616734256,Storm,7,1.61,Standard,0.8910906066686295,6,0,7.85
28.7,40.4785651562292,Rain,6,3.72,Express,0.0,9,1,5.36
37.5,24.531730920803135,Clear,8,4.37,Express,0.41047395550501675,10,1,5.06
28.3,65.0746085034056,Clear,5,6.28,Standard,1.1620471513112722,10,0,6.91
24.4,58.375698119451314,Clear,2,2.95,Express,1.1107249873300207,6,0,3.32
22.1,73.07877942573637,Rain,3,1.79,Standard,1.654816025002861,6,0,7.93
20.2,42.39033709582831,Clear,1,10.41,Express,0.7156492592436728,6,1,5.2
43.4,68.6821307726145,Clear,7,3.73,Standard,0.0,12,0,7.81
30.6,73.9794180199494,Rain,2,1.61,Standard,1.5397113015429746,8,0,6.49
21.1,53.28442502111169,Clear,5,2.93,Standard,1.8052625423274111,8,0,7.17
17.9,62.504731058766694,Clear,5,2.09,Standard,1.4287712009993605,5,0,5.09
35.3,61.87539623543371,Storm,1,6.52,Standard,0.6854564303997561,7,0,7.62
42.9,40.2135484774663,Clear,5,4.34,Standard,1.5310702363136053,11,1,9.39
41.0,64.55973884112294,Clear,6,2.41,Express,3.2002373346057498,10,0,9.21
16.3,84.20497013621825,Clear,5,5.69,Standard,0.880606620108333,6,1,6.65
22.0,55.39967082176746,Clear,4,2.77,Standard,0.0,6,0,4.32
20.0,28.703351104270165,Clear,8,2.89,Standard,0.3896004653134937,5,1,5.15
23.5,42.62992244354783,Rain,3,1.75,Standard,1.2378332002128356,7,1,6.79
38.8,22.970269920670702,Clear,5,1.74,Standard,0.0,10,0,4.42
49.6,78.22470032282916,Rain,8,9.98,Express,0.9185821524384487,11,1,9.55
31.2,68.7538953339057,Rain,8,5.52,Standard,1.066235655221118,8,0,9.53
18.3,45.97535310997927,Clear,4,0.69,Standard,1.8745852178688565,5,0,7.31
25.5,29.474921404559144,Clear,2,1.47,Express,1.7171363992380102,8,0,5.86
54.3,40.000690751635176,Clear,5,1.25,Standard,1.4052093542262396,13,0,8.21
27.1,43.511014617451345,Rain,6,3.12,Standard,0.0,11,0,5.83
22.1,56.969336782361054,Rain,2,2.23,Express,1.4447371896335475,7,0,5.04
23.1,56.36366817757084,Clear,8,7.34,Standard,1.2938593702421723,6,1,6.76
31.1,79.14577555672665,Rain,8,2.38,Standard,0.9791610639548426,12,0,7.66
16.6,42.530412561435234,Clear,7,9.36,Express,0.0,6,0,5.91
19.8,27.852618621629283,Rain,5,2.83,Standard,0.2562582635690578,7,0,6.4
40.7,34.17438744743875,Clear,1,10.63,Standard,0.0,11,0,7.28
30.7,54.58555261996298,Clear,4,2.61,Express,0.0,9,0,3.47
27.3,41.88379479497577,Rain,4,2.64,Standard,0.7979593940096439,8,0,6.93
41.7,49.74384618076554,Clear,1,5.44,Standard,0.24152451499005434,9,1,6.44
17.7,46.82739555425001,Clear,3,4.95,Express,2.637713906188238,6,0,4.34
21.8,72.82429216669328,Clear,8,1.1,Express,0.6818596423934633,4,0,4.38
30.2,44.4346176323382,Clear,7,3.18,Standard,1.7056272091061722,8,1,6.68
29.7,48.207842614939416,Clear,6,2.22,Standard,0.0,7,0,4.16
11.6,67.91110446085796,Storm,4,2.11,Express,0.42893728979659124,5,0,5.25
20.7,44.83032560142263,Clear,2,3.17,Express,0.8678285132240202,7,0,3.66
23.8,62.617822740226316,Clear,8,2.45,Standard,0.16429223597463083,7,1,5.55
31.9,60.966734716391656,Rain,6,3.39,Standard,0.5044595206366791,9,1,7.41
29.6,57.55178546129943,Clear,4,1.42,Standard,0.647434365629523,7,1,4.37
24.9,34.58086511128319,Clear,7,0.91,Express,0.6362644101885739,7,0,4.98
8.5,77.13593604139487,Rain,3,5.58,Express,2.0985830011247426,5,0,5.61
25.6,94.97230833849605,Rain,7,6.13,Express,1.064758399802057,9,1,7.26
26.8,55.1589064888131,Clear,2,5.36,Express,1.1356573940589123,6,0,4.85
78.1,36.165612279333246,Rain,7,3.07,Standard,1.1777583420415494,15,0,10.41
23.4,55.52384874985041,Clear,6,2.32,Standard,1.2288384641359789,6,1,7.28
30.3,72.81748253054798,Storm,8,1.91,Express,0.7419791112875943,10,0,7.96
45.2,43.92662183711907,Clear,2,1.67,Express,0.5754775399648078,13,0,5.95
37.7,52.679814685872586,Rain,8,2.83,Standard,0.9167712416627942,8,1,8.2
50.7,61.131774455418544,Clear,1,6.03,Standard,1.6097627642394308,13,0,8.95
11.7,76.65486133970664,Storm,5,1.8,Express,1.5883667319054686,7,0,7.26
15.0,68.95762719560874,Rain,1,6.04,Standard,0.6317210670181123,6,1,5.09
19.1,69.70362345158071,Rain,6,0.95,Standard,1.337490586267678,8,1,7.02
10.7,47.32716597982434,Clear,5,3.51,Standard,0.6637907358722326,6,0,5.28
26.9,62.23454119313061,Clear,1,4.0,Standard,0.823709384604671,6,0,8.45
15.6,42.004660111747675,Clear,5,2.06,Standard,0.4685336329120619,5,1,3.6
54.0,70.21946979793381,Rain,4,1.35,Express,0.6728484027656366,13,0,7.9
16.9,75.72195353414105,Clear,7,5.12,Standard,1.7389310486847762,6,0,6.35
21.8,64.96054423790721,Storm,2,3.09,Standard,0.8646948031374655,8,0,9.19
38.8,48.38660943769332,Rain,5,12.62,Standard,0.8946977559866226,10,1,8.71
13.0,51.332911695251234,Clear,4,6.09,Express,0.0,1,1,3.79
10.3,87.51729179191616,Rain,7,6.12,Express,0.5835292646570893,2,0,4.12
28.5,48.687211996777066,Clear,7,0.4,Express,0.63107956737869,4,1,4.1
29.6,73.89989501411023,Clear,3,1.83,Express,0.21959956018961646,8,1,4.83
38.2,61.10004876793339,Clear,8,1.23,Standard,0.8151657881924945,10,0,7.43
33.8,48.98554392772283,Clear,1,0.59,Standard,0.49957239684064203,9,0,4.25
30.2,30.79631750555035,Rain,3,2.92,Standard,0.8559970986705076,7,0,6.62
17.9,58.80880685059312,Clear,8,5.04,Standard,0.8850521068732541,7,1,6.38
29.2,56.639815598910204,Clear,8,1.45,Express,0.13097194952414903,9,0,4.59
30.1,87.517624086268,Rain,6,0.61,Standard,0.5209087522617675,6,0,7.23
17.6,39.51653148239503,Rain,4,1.54,Express,0.8541619979325835,3,0,3.08
61.6,96.30583464786012,Clear,3,2.69,Standard,1.6290096018097078,14,0,10.31
33.0,61.81858953093868,Rain,3,2.55,Standard,0.9797034209570183,11,1,7.45
15.1,61.80092598199884,Clear,8,3.02,Standard,0.3366453740578007,8,0,5.8
38.3,44.32470158021986,Clear,7,3.95,Standard,1.0793033314706966,11,1,7.88
41.6,60.66471353598044,Clear,4,2.97,Standard,1.9952842225252323,9,0,7.7
32.0,63.51491670819783,Clear,7,5.22,Standard,1.441694530812313,10,0,7.15
22.8,71.87189125277578,Rain,2,1.47,Standard,1.183268571304934,6,1,7.44
17.2,37.39020026334502,Clear,5,2.48,Standard,1.307913122837625,4,0,5.75
24.9,80.3220554041847,Rain,6,4.38,Standard,1.8079678290000414,4,0,7.42
30.9,61.50547942789563,Clear,6,3.62,Standard,1.5529387558123622,8,1,6.65
26.1,65.94812011553162,Clear,1,8.69,Standard,1.1967322667823606,6,0,7.25
51.8,51.02303929291431,Storm,7,1.52,Standard,1.5480495537130594,13,0,9.37
35.5,38.29343251097709,Rain,5,4.43,Standard,0.04284423261515746,6,0,5.07
16.2,56.30904329325917,Clear,8,1.9,Standard,0.0,5,0,3.24
14.3,58.37131989681793,Clear,1,1.75,Standard,0.9099690554506812,1,1,4.0
33.1,30.062291173939165,Clear,6,5.86,Standard,0.8480764967553769,10,1,5.99
23.0,69.27913729297225,Clear,5,2.95,Standard,0.41926296254071976,7,0,3.8
37.0,72.93744341013846,Rain,3,3.58,Standard,1.3780968688793966,9,1,7.79
33.0,41.86603677121972,Rain,2,2.0,Standard,0.0,9,1,6.6
25.0,36.59346369510236,Clear,8,2.09,Express,0.42565942075953744,6,0,2.89
16.3,49.546695216262584,Storm,3,0.9,Standard,0.4605311185856696,5,0,5.75
10.9,55.43011174575339,Clear,2,3.39,Standard,0.0,5,0,4.98
29.0,50.24492182152399,Clear,8,1.37,Express,1.846311705088513,3,1,5.71
12.9,53.9034790101259,Clear,7,2.72,Standard,0.0,4,1,4.52
15.9,58.98659855816649,Clear,4,5.21,Standard,0.38816195988461993,5,0,4.02
28.1,30.371159102938677,Clear,1,0.71,Standard,1.4355858304635936,7,1,7.25
26.7,32.44067870854123,Clear,1,14.7,Standard,1.252231740400112,10,0,7.37
13.7,10.0,Clear,4,1.72,Express,0.02427771246067756,3,0,1.43
44.0,71.96581411216249,Clear,5,2.77,Standard,1.2777424464824456,10,1,9.13
43.4,55.27408637111409,Rain,4,3.57,Standard,1.0028491350607553,8,0,7.62
33.6,73.86132036637282,Clear,7,1.68,Standard,2.433124893478027,11,0,8.38
33.6,34.520716075394944,Clear,6,2.14,Standard,1.082758291247813,8,0,5.72
33.6,55.43933211159692,Rain,4,5.98,Standard,0.7011307252520278,8,0,7.15
41.4,58.86687711009883,Storm,2,4.86,Standard,0.20044863001640423,10,0,8.8
35.9,44.88791509305973,Storm,6,2.51,Express,0.27902964313110024,10,0,7.46
17.0,27.03829962759773,Clear,4,3.0,Express,0.22196163317228934,6,1,2.89
22.9,86.42568405043282,Clear,1,3.3,Standard,1.7597691697383455,11,1,7.04
73.7,80.18710014286091,Clear,3,4.3,Express,0.8125789405115295,17,0,8.56
8.8,48.12521910894343,Clear,2,4.51,Standard,1.195672986782311,3,0,3.38
20.1,64.18409761305293,Storm,7,4.43,Standard,1.8599733199866209,5,0,7.64
44.1,46.27376782557592,Clear,2,2.24,Express,0.0,10,0,4.89
17.5,37.082735145554544,Clear,8,3.23,Express,1.6952116352902624,3,0,5.26
36.4,87.89070708922625,Clear,5,5.58,Express,0.838777838248334,9,0,7.21
26.6,25.203360134695572,Clear,3,10.39,Standard,1.104533860148311,8,0,4.85
18.2,49.86093345451993,Rain,2,3.17,Standard,0.22011774477622426,5,0,4.72
8.0,56.51782889036021,Clear,8,2.03,Express,0.2714129210860372,2,0,1.8
28.6,84.72225841637115,Clear,4,1.66,Standard,1.1421921228690914,10,0,6.72
16.8,71.13859577624834,Clear,2,4.45,Standard,2.4692184602320286,3,1,6.73
24.4,24.899504057788263,Clear,2,0.87,Standard,1.502319318970431,4,1,5.58
33.5,54.95049566138472,Clear,2,4.48,Express,1.685866044992978,7,0,5.96
39.8,55.37908357055847,Clear,5,4.53,Standard,0.6655991108170062,8,1,5.65
20.1,50.88990996461004,Clear,2,2.08,Standard,0.37985704279006033,7,0,3.6
18.2,66.15656393554542,Rain,2,3.52,Standard,0.25343653389470466,5,0,5.29
12.7,29.636075300392413,Storm,5,2.57,Standard,0.45820839271231845,4,1,6.35
40.7,47.64455357433994,Rain,8,1.06,Express,0.0,12,0,4.86
68.4,63.61873746783536,Storm,6,4.27,Standard,0.29255645997587876,15,0,9.85
43.0,67.23236233289154,Clear,3,4.03,Standard,0.4077527907581099,12,0,6.98
47.7,57.68955052316554,Clear,8,2.2,Standard,0.6772492779236113,14,1,7.05
17.6,49.808940394594615,Clear,7,10.29,Standard,0.8922250768231043,5,0,5.07
32.5,52.841057074723494,Rain,6,3.01,Standard,1.0537156080379275,10,1,7.63
38.1,68.32732820279027,Storm,1,0.66,Standard,0.789552239289928,9,1,8.28
4.1,55.61021411425828,Rain,5,5.77,Standard,0.39298983956007016,4,0,4.33
14.7,36.246744182070486,Clear,5,4.95,Standard,0.0,3,0,3.13
55.9,32.79704348899174,Storm,2,5.32,Express,0.3972839741187447,11,0,8.36
11.5,28.186526414150034,Clear,2,1.43,Express,0.11928455361909651,4,0,1.27
51.5,81.20045473280837,Clear,7,3.46,Standard,1.1262467237950227,11,0,8.53
11.5,69.534313041024,Clear,1,2.98,Standard,1.4365011776855856,4,1,5.18
15.0,53.08321810275015,Clear,2,2.66,Express,1.4569997469419573,5,0,4.25
32.8,46.83173526704649,Clear,4,6.74,Standard,1.329866915289474,10,1,8.42
26.9,44.66925985658756,Clear,2,3.04,Standard,0.7065319851832583,7,0,5.72
21.1,74.67826793647978,Clear,2,2.26,Express,0.43463110416687234,5,1,5.22
54.8,89.27980314714534,Clear,4,2.24,Standard,0.2770280724330537,12,0,8.24
12.9,44.1029273693043,Rain,1,1.35,Standard,0.0,3,0,3.82
23.9,75.49147937180277,Rain,4,3.24,Standard,1.4942975903555005,5,1,7.3
34.9,55.504232476460004,Clear,5,7.06,Standard,0.6777022734490179,7,0,6.37
30.0,51.176279261611604,Rain,4,2.39,Express,0.0,8,0,4.17
18.5,82.07585709093863,Rain,3,3.59,Standard,0.22145603700283578,5,0,5.66
18.8,54.81701702663002,Clear,5,2.63,Standard,0.19311858049721353,7,0,5.0
39.5,60.33455990658344,Clear,2,2.83,Express,0.8301171395105887,8,1,5.32
40.4,59.46893079240603,Clear,7,5.09,Express,1.54722749574948,9,1,7.52
30.4,25.739211400129868,Clear,5,1.33,Standard,0.5564073152830918,11,0,4.69
16.4,60.19140067688911,Rain,1,0.93,Standard,0.0,4,0,4.32
19.2,44.87154356007581,Rain,1,5.78,Standard,0.667573765388756,5,0,5.29
25.7,29.419243477378817,Clear,4,2.04,Express,0.6906642699319631,5,1,3.52
27.6,45.69153255192228,Rain,5,2.28,Standard,0.6425558383451349,5,1,5.83
34.2,45.543000346534974,Rain,2,11.67,Standard,0.3607771834670089,11,1,8.97
23.3,73.53788570434595,Rain,1,4.93,Standard,0.9522073565080897,7,0,6.74
39.0,35.851786910163426,Clear,6,1.58,Standard,0.8462987806043013,10,0,5.83
38.8,40.78274609711342,Rain,2,6.03,Standard,0.7826187801113471,7,0,7.38
48.6,59.236988689864226,Clear,6,5.0,Standard,1.088848953010076,12,0,7.89
26.2,31.135712115623544,Clear,3,0.26,Standard,0.4991170237965026,9,1,5.76
30.6,43.137878351817996,Clear,6,3.32,Standard,0.4593900312095428,10,0,5.02
24.2,25.039418764002,Clear,8,1.38,Standard,1.76608630270978,8,1,6.31
16.5,71.56020628009713,Rain,1,2.82,Standard,1.1915487868008052,4,0,4.85
67.6,49.57546383207666,Clear,4,10.41,Standard,1.3788622426599597,16,1,10.89
45.5,54.71347878995964,Clear,3,5.23,Express,1.658273209733848,12,0,6.16
38.4,71.48818575623963,Clear,5,5.68,Standard,1.16816092643736,7,0,7.94
25.8,41.999160094230035,Rain,2,2.63,Standard,1.4498720753953198,5,0,6.88
15.8,49.384233844335924,Clear,1,5.69,Standard,0.0,6,1,5.22
41.8,35.98609601249665,Rain,3,1.77,Standard,0.942907710397219,12,0,7.36
24.0,35.94693302207538,Clear,3,3.29,Standard,0.6720970767299708,4,1,4.34
32.0,38.42950790789418,Clear,8,5.07,Standard,1.9743788636298665,10,0,7.13
19.1,46.13517296499403,Clear,1,4.97,Express,1.44935187226231,6,0,5.82
29.4,48.073680384884824,Clear,5,0.98,Standard,0.3586883664447742,9,1,6.62
19.7,60.195378716170836,Clear,5,9.03,Standard,1.0609559109704443,5,0,6.5
20.1,38.95809493524581,Clear,4,1.53,Standard,0.9173769334144679,7,0,4.32
29.2,60.753388166514576,Storm,7,12.97,Express,1.11803200320656,9,0,10.67
11.4,63.7300232474181,Clear,6,5.17,Standard,0.08681027143774378,4,1,4.28
11.7,46.57920070901921,Clear,5,4.89,Express,1.0520115256667577,4,0,4.12
17.5,40.51495769646914,Clear,8,1.63,Standard,0.640294055498236,5,0,5.43
23.2,56.531422575639816,Rain,4,2.11,Express,0.9977148348389203,9,0,4.99
39.6,51.347485665811995,Clear,6,8.58,Express,0.29293038441448127,10,0,6.89
23.8,58.96633292692382,Clear,3,7.89,Express,0.39045578002238046,5,0,5.06
25.7,83.2575958526794,Rain,1,2.68,Standard,1.6216894142566918,6,0,7.24
22.2,56.235466871698875,Clear,5,2.53,Standard,0.06391670916188741,7,1,4.3
30.6,43.49384989695763,Clear,4,2.58,Standard,0.1155719192705662,9,0,4.45
16.5,38.96398698504294,Clear,3,6.06,Express,0.7638931199490954,3,1,4.43
24.5,39.660370636211496,Clear,5,5.69,Standard,0.2596767373698319,10,1,4.93
31.8,28.670206471999826,Clear,2,3.87,Standard,0.18047995741604095,9,1,5.53
29.1,71.78938495022042,Clear,7,3.32,Standard,0.8735531798458065,9,0,6.96
26.1,14.800981251596241,Clear,3,2.66,Standard,0.0,7,0,4.55
26.3,63.7858867189475,Clear,8,12.33,Standard,0.0944264355604536,7,1,6.39
33.4,39.37484967984585,Clear,8,1.06,Standard,2.2378669080465503,8,0,8.11
69.2,45.77670613676588,Storm,5,2.3,Standard,1.1216325412783064,17,0,12.63
17.0,38.836222452201,Rain,8,3.7,Standard,0.27740565341106227,5,1,6.08
70.2,81.02556387355655,Rain,3,0.91,Express,1.0927505547863379,17,0,8.63
16.6,55.29368083034398,Clear,1,2.01,Express,1.1971313338906406,5,0,3.55
7.5,69.22681345077135,Clear,1,10.33,Express,1.4960900940631667,4,0,5.19
19.5,78.4094834547281,Clear,7,5.45,Standard,0.7109907793802888,5,1,6.59
30.9,57.941298532403266,Clear,1,2.0,Express,1.4835483919410226,10,0,5.53
61.9,33.47877212460618,Storm,6,1.95,Standard,0.0,13,1,9.86
15.8,51.028430497916105,Clear,2,1.07,Standard,0.06058430866697295,5,0,3.28
33.3,41.63953575580835,Clear,1,2.2,Standard,0.914709981215519,8,0,5.68
12.3,45.93692508602862,Clear,8,4.33,Standard,1.030743472965454,4,0,4.64
60.8,53.2967717323128,Clear,2,3.86,Standard,0.1617523986319508,15,0,7.42
45.9,52.58519844233924,Clear,1,2.28,Express,0.9815939938842114,11,0,5.48
20.1,62.417964898365156,Clear,6,1.51,Standard,0.3633118259189178,8,0,6.29
49.6,65.03147728804876,Clear,8,2.64,Standard,0.6061286340409842,11,1,9.09
24.4,52.58538682720376,Rain,3,2.6,Standard,1.5173416604655077,7,0,7.22
47.1,62.26244052594251,Clear,5,5.01,Standard,1.4362562478220198,10,0,9.19
26.0,45.11152261116205,Rain,5,3.5,Standard,0.10205777084571632,8,0,6.38
26.6,78.66603686073707,Rain,1,3.19,Standard,0.05992397658592763,7,1,6.52
20.4,44.820796812082364,Clear,5,6.4,Express,0.5121786231126786,6,0,3.23
35.4,76.5493567232037,Rain,1,7.85,Standard,0.7812775891789524,11,0,8.17
27.6,28.43079234810901,Clear,1,3.83,Standard,0.33947105799768146,7,1,4.78
33.6,48.15266936660477,Storm,8,3.89,Standard,1.5284497099597676,10,0,8.68
10.8,49.0423928749551,Clear,7,2.77,Express,1.0431728891959886,3,0,2.47
48.0,60.021852305472535,Clear,4,1.61,Express,1.0842595769121004,12,0,6.87
54.0,70.51270245793883,Clear,4,5.27,Standard,0.0,11,1,8.12
27.5,32.510886344928494,Clear,7,4.63,Standard,1.617103502168646,7,0,5.62
66.7,35.05630524322767,Storm,4,2.92,Standard,0.0,15,0,9.14
58.9,29.765654781107717,Clear,2,3.51,Express,1.3838388162945583,17,1,9.01
35.8,78.76331554957152,Rain,4,6.13,Express,1.4540182163695397,9,0,7.24
49.9,60.3568889703482,Clear,1,6.79,Standard,0.497319168905427,14,1,8.49
43.5,35.48131824777179,Storm,6,0.41,Standard,1.6910371520731966,11,0,9.2
9.4,47.02429226879073,Clear,6,1.9,Express,0.7558317129319575,3,0,3.33
22.5,76.2717051219069,Clear,3,2.92,Standard,0.8437021923292101,9,0,5.21
37.1,49.99385385439771,Clear,8,1.34,Standard,1.0376701511829514,10,0,6.68
55.8,48.930613519758886,Rain,4,3.57,Standard,3.0306024382677386,12,0,10.96
11.9,40.936659277184944,Clear,6,1.97,Standard,1.7411037356581032,5,0,5.29
9.7,36.55013835126227,Clear,4,3.65,Express,1.2907918404990426,4,0,3.65
25.2,76.29982858797682,Clear,8,2.02,Standard,0.16103685937916357,4,1,5.71
7.8,85.13022859735709,Rain,3,2.08,Standard,0.9005128778356446,5,0,7.17
24.7,37.26650074982774,Clear,6,3.63,Standard,0.23081313430752948,9,1,7.44
31.3,80.28896192592616,Clear,1,5.41,Standard,1.375477593097969,11,1,7.49
15.4,46.22699050677811,Clear,2,4.45,Standard,0.8983268830143998,6,1,3.57
25.1,64.60566391663997,Rain,7,2.93,Standard,0.012834824270273382,7,1,6.88
41.5,80.38384848665935,Storm,7,0.71,Standard,0.8567872083929521,12,0,9.6
19.5,52.38862127733462,Clear,7,2.04,Standard,0.20540777119858622,7,1,5.83
16.8,49.09704543518754,Clear,4,1.89,Express,0.905851354936283,8,1,4.7
24.5,69.41945734818734,Clear,6,4.81,Standard,0.19864587854432048,7,1,6.08
14.6,35.020848933347516,Clear,8,3.34,Standard,0.819241343352569,5,0,5.49
64.2,75.64710480112774,Clear,8,3.42,Express,1.3253289033545663,14,1,10.26
26.4,57.570569063966495,Rain,6,1.67,Standard,0.7628636056524257,8,1,5.9
17.7,44.60049085322482,Clear,3,6.96,Express,0.526378212979328,3,1,3.69
29.0,44.12498314031462,Storm,1,3.4,Standard,0.9422933547402238,9,0,7.77
24.4,30.097674787089414,Clear,5,1.59,Express,1.2880278345549971,8,0,4.54
23.1,45.34890100076819,Rain,6,1.68,Express,0.024971711082767745,7,1,4.61
19.5,50.24732028410078,Clear,2,3.74,Standard,0.9824593082936418,6,0,5.39
19.0,35.89671642919333,Clear,3,1.55,Express,1.7222785733121797,8,0,5.29
10.9,54.18163042967792,Clear,6,1.9,Express,1.2015598742937006,5,1,5.64
49.9,63.51250752145892,Clear,6,1.3,Standard,0.8404279026670596,11,0,7.75
34.7,51.15750155201046,Clear,3,4.78,Standard,1.2478162546892264,8,0,6.05
30.4,66.9290648773468,Rain,3,1.58,Standard,1.1167475192718777,7,0,6.7
24.2,40.471480306371944,Storm,4,7.68,Express,1.3275207764118697,8,0,7.84
15.3,73.06088975595893,Clear,6,4.05,Standard,0.0,4,0,4.78
17.1,57.19266470394744,Clear,5,1.29,Standard,0.0,7,0,4.28
11.6,82.81462905558539,Clear,2,4.43,Standard,1.503380404638266,6,0,7.4
18.2,98.4559116202972,Clear,1,6.97,Standard,0.0,4,0,4.79
14.2,46.535615338540936,Clear,1,2.85,Standard,1.0810770450034437,5,1,5.23
57.2,47.276850215773756,Rain,5,7.48,Standard,0.5535652407773959,13,0,11.07
40.1,50.567641804923085,Storm,8,4.1,Express,0.10266752808280233,11,0,7.33
27.0,65.72264050315927,Storm,3,1.98,Standard,1.0447548300032317,10,0,8.37
16.1,78.86745946855162,Clear,3,10.43,Standard,0.9407234526015995,3,1,6.06
14.6,43.24944728494354,Rain,8,1.05,Standard,2.2772398564674643,4,1,7.18
23.5,61.86239679660531,Rain,3,2.39,Standard,0.3626321568248776,6,0,5.02
40.9,52.55330878259619,Clear,8,2.93,Standard,1.8080770840484215,8,0,8.47
11.7,66.1259638457306,Clear,6,9.35,Standard,1.0466960400690202,4,0,6.18
34.4,82.17023848133843,Rain,8,4.86,Standard,0.33728468292010144,10,1,7.67
18.2,50.67409172620573,Clear,3,4.34,Standard,1.3594725202620717,5,0,6.07
19.9,24.942381999872847,Clear,3,1.76,Standard,1.1960169531177658,4,0,4.46
26.6,68.39023018384528,Clear,6,2.77,Standard,0.8250903064006345,12,1,7.7
16.4,40.011306065101856,Clear,8,2.01,Express,0.9864067495084364,6,1,3.62
22.8,52.423916734652,Clear,6,4.25,Standard,0.3821090782681279,7,0,5.49
15.7,69.16655506368905,Rain,5,6.28,Express,0.22194901232184527,3,1,5.85
19.0,60.35310736355994,Rain,4,11.91,Express,1.3316095216758081,6,0,6.88
37.8,53.16903954004519,Clear,6,2.17,Standard,0.6432424029807082,9,1,5.74
27.3,44.634129175750225,Clear,2,1.02,Standard,0.7439419012256353,5,0,4.51
37.7,10.0,Clear,3,2.42,Standard,0.9958751171609941,8,0,6.36
18.1,67.56977468361164,Clear,4,5.74,Standard,0.9857018413486658,7,0,6.79
34.6,50.44686941393625,Clear,1,1.61,Standard,0.0,12,0,4.85
10.2,82.24005301040306,Clear,5,3.01,Express,1.700376460518401,5,0,3.97
26.6,62.164504539313654,Clear,8,4.38,Standard,0.8848275063304748,9,0,6.2
35.7,45.259743294372825,Clear,4,2.2,Express,0.6581427160244955,9,0,4.53
10.0,74.20366159076872,Clear,6,3.5,Standard,1.1015922036188228,4,0,5.46
18.2,75.72032930724743,Clear,3,1.5,Express,0.9655795355304042,7,1,4.75
26.6,51.0574273416554,Clear,3,6.56,Standard,1.3369438826427915,10,0,6.32
42.4,76.4856075803181,Storm,3,2.55,Standard,1.176588570505659,12,0,10.6
19.0,45.00445500305115,Clear,4,3.43,Standard,1.3024923602973866,4,0,5.23
33.9,57.87365984934225,Rain,3,0.73,Standard,1.7456957340092611,9,0,7.88
51.5,65.28535097893806,Clear,6,1.35,Standard,1.4185371842796803,13,0,6.97
34.7,69.1260685122554,Clear,8,5.62,Express,0.6876596457700062,9,0,4.4
23.3,66.18739327508602,Storm,4,2.18,Standard,0.013969190746217164,7,0,5.71
31.3,49.0121707498629,Clear,3,1.55,Express,1.9674585531031605,9,0,5.46
18.7,74.68655753244595,Clear,1,0.96,Standard,0.6335936386570211,7,1,5.58
27.1,52.760308184084465,Clear,1,6.48,Express,0.4688248106476344,10,0,3.25
23.9,44.75750747904652,Clear,2,4.72,Standard,0.0,6,0,5.59
30.8,45.02191658836004,Rain,3,4.52,Standard,1.036931173718478,6,0,6.89
20.8,89.91979104657403,Clear,3,8.12,Express,0.9042206227676391,7,1,7.38
31.7,41.64429829434499,Clear,4,2.39,Standard,0.0,11,0,4.45
20.7,78.24943408168804,Clear,4,1.03,Standard,1.117291829493223,5,1,6.2
39.9,34.56159947541694,Clear,7,3.13,Standard,0.4512656555089927,11,0,6.33
21.8,63.78229801133536,Rain,8,9.09,Standard,2.6832205051020854,7,0,10.21
7.9,60.34750212683503,Rain,3,3.17,Standard,0.4014471655363923,4,1,4.99
14.8,84.1820838350721,Clear,2,6.18,Standard,0.49536466746154484,5,1,6.1
26.2,43.22076588696673,Clear,8,1.06,Standard,0.18765664302194263,6,0,5.33
57.0,38.24804407671303,Rain,3,1.74,Standard,1.6945135647293803,10,0,8.23
39.1,52.90281318975432,Clear,8,5.41,Standard,0.5390569438746728,8,0,6.95
7.1,84.96643292632814,Clear,6,3.39,Standard,0.29256009236415237,3,1,3.3
11.2,39.085147361012176,Clear,4,2.81,Standard,1.2948685069443797,6,0,5.24
45.2,10.0,Clear,3,6.12,Express,0.0,11,0,6.44
35.6,56.07582107271909,Rain,8,5.36,Express,1.2375773823742633,8,0,6.39
72.5,72.09141252329816,Storm,4,3.45,Standard,2.0469798016206004,15,0,12.75
20.3,36.751493212482465,Clear,3,0.42,Express,1.1966254829845622,7,0,4.44
16.2,70.26277912035876,Clear,5,3.04,Standard,1.2465288213819474,7,0,5.76
26.9,36.353602269775784,Clear,4,4.02,Express,1.4090421518352385,9,0,5.44
20.1,52.361946357549776,Clear,8,0.75,Standard,1.996795620072863,7,0,5.92
43.1,68.54828167514903,Clear,2,3.93,Standard,1.646925772013373,8,0,7.31
19.7,33.625622768708105,Rain,5,6.3,Standard,1.1077688055911166,5,0,6.32
22.5,58.26723996713598,Clear,6,3.03,Standard,1.432723980445201,9,0,6.41
15.1,76.86952320326027,Clear,3,1.43,Standard,0.17984555217442266,7,0,3.4
37.8,63.53081378580431,Clear,7,0.45,Standard,1.3434055135231255,7,0,6.55
15.6,42.02873096336618,Clear,6,3.98,Standard,0.09611082017137673,5,0,5.23
32.0,82.33693034890229,Clear,4,0.82,Standard,0.5430843069578615,9,1,6.07
61.9,66.85106521460483,Rain,5,4.5,Standard,0.0,13,0,7.9
9.3,21.51193600136248,Clear,6,8.82,Standard,1.0810007615572235,1,0,4.6
52.8,70.55638506521608,Rain,2,1.8,Standard,0.3492895922241532,13,0,7.48
29.9,44.71526345648901,Clear,7,2.59,Standard,1.5778016506431238,7,0,5.44
13.8,58.53814385756436,Clear,4,9.14,Standard,1.073134827423782,4,0,5.99
27.4,73.14407207727868,Clear,5,3.29,Express,1.5868671262911378,7,0,5.36
37.2,45.10711747603299,Clear,6,2.2,Express,0.04148241872922365,9,0,4.04
16.8,25.37933294724735,Clear,5,5.74,Standard,1.5268702260117428,5,0,5.61
32.9,82.09981345430491,Clear,5,2.28,Standard,2.2740994410543287,7,0,6.61
55.0,75.96250248163506,Rain,6,1.71,Standard,1.334910809952326,13,1,8.72
19.7,53.42939176270698,Rain,1,4.45,Express,1.3532443060846022,3,1,6.19
15.0,70.36158612685807,Clear,3,6.04,Standard,0.9187183734764546,5,1,4.54
24.3,48.35103882285368,Clear,8,1.7,Standard,0.4327318536042451,3,0,3.76
26.7,56.74546318169529,Clear,4,3.47,Standard,1.3328346608910562,7,1,5.31
44.2,52.40281703253868,Clear,4,2.67,Standard,0.0,12,1,6.3
23.9,49.07900646356856,Clear,7,2.98,Standard,0.5075714125554286,5,1,5.77
20.6,61.467446441543586,Rain,7,1.44,Standard,0.0,7,0,5.43
14.8,33.252781174379415,Clear,7,4.68,Standard,0.30744053587944203,7,1,6.81
10.0,50.471545046219575,Clear,4,7.66,Standard,1.249431564325493,1,0,5.89
12.5,60.66063050470129,Clear,5,1.67,Standard,1.1537753633543244,4,0,3.97
12.5,88.08581274330945,Clear,7,4.67,Standard,0.835639586874831,1,0,4.28
22.6,33.98438412437147,Clear,6,5.66,Standard,0.9192806958434075,6,1,8.07
11.0,64.3699550391837,Clear,3,3.46,Express,0.0,4,1,4.05
25.2,66.3426779757015,Clear,2,4.55,Standard,0.5392064036003597,3,0,5.45
61.2,21.219062847710738,Clear,4,1.82,Standard,0.3230538754953531,17,0,7.36
44.8,62.389576259366535,Clear,6,7.4,Standard,0.3386582166398215,11,0,7.81
22.5,70.84513142170806,Rain,3,6.07,Standard,1.2197050394696274,5,0,6.0
81.4,65.59574822888382,Clear,3,6.51,Standard,0.19764487144628273,20,0,10.33
26.7,53.489309412291846,Clear,1,1.26,Standard,0.3767234049108124,5,0,4.32
28.7,60.99832065740372,Rain,8,4.18,Standard,0.0,6,1,6.06
24.0,58.057204550482545,Clear,6,1.92,Standard,0.5941137737366813,3,0,4.29
25.5,24.589767910326493,Clear,4,7.79,Standard,0.03851371660046632,10,0,6.49
19.3,58.47976584558039,Clear,7,1.7,Standard,0.8554420500827505,6,1,5.51
22.7,48.3927326923299,Clear,5,3.55,Standard,0.13422436728027487,8,1,6.86
52.9,42.31320092203631,Clear,7,0.59,Standard,0.8731795718844514,13,1,6.52
47.3,99.72945916455977,Rain,3,3.54,Standard,0.6987199674803598,12,0,8.47
7.8,77.54708295315203,Storm,3,1.27,Standard,1.9704292411296245,4,1,6.83
11.7,34.29690291434102,Clear,2,4.32,Standard,1.1480525863172355,5,0,3.59
16.9,61.2394515381851,Clear,7,2.73,Standard,0.0,6,1,4.23
41.1,81.24445496015784,Clear,8,2.33,Standard,0.0,9,0,6.65
47.8,28.068415226631966,Clear,8,7.92,Express,0.8386456062946333,11,1,7.71
37.2,56.38569654532877,Clear,1,10.88,Express,0.14910643612514463,10,0,5.59
13.8,57.23330906295088,Clear,8,1.0,Standard,0.0,5,0,2.09
19.5,32.05912811501759,Rain,3,2.39,Standard,1.7446824196836204,4,1,7.6
33.2,61.83190548302014,Clear,3,5.16,Standard,1.3041568118337854,7,1,7.09
22.8,75.09243502932625,Clear,8,3.87,Standard,1.1646838114442402,8,0,5.78
21.2,82.14485664554476,Clear,5,4.98,Express,0.3748738681703595,6,1,5.39
21.4,50.51144617073298,Rain,5,2.86,Express,1.0993737397069507,7,0,5.64
45.5,100.0,Rain,8,6.23,Express,0.30694777304538295,9,0,7.76
34.9,17.956598438858407,Clear,2,3.45,Standard,0.9434001101523836,7,0,5.47
22.0,61.41190077666032,Clear,6,4.02,Standard,0.1555917419144659,5,0,3.96
30.6,29.5787022412626,Rain,2,1.27,Express,1.8614019153892098,8,0,6.55
12.8,56.62328747494419,Clear,2,3.22,Standard,0.0,4,1,3.25
19.6,45.60567849810947,Rain,8,5.19,Express,1.6625986806575819,8,0,6.19
43.3,64.1237942150301,Clear,5,3.73,Standard,0.8272410796121312,11,0,7.79
10.7,52.7161471461605,Clear,7,3.31,Standard,0.45737310326060654,7,1,5.94
35.2,40.13228479552271,Clear,7,4.18,Standard,0.9169020451870169,10,1,8.33
7.7,41.314762943848365,Rain,8,3.43,Standard,1.3133436050247267,1,0,6.1
57.4,89.78427095409195,Clear,7,2.93,Standard,1.7567227156860779,15,0,9.72
19.3,62.98342729232347,Rain,6,5.3,Standard,1.0192001161934725,4,0,5.42
31.8,24.361683282309013,Clear,5,2.79,Standard,0.17651274031640596,9,0,5.95
27.5,64.91417923210174,Clear,8,1.21,Standard,0.838941086636052,6,0,6.68
28.0,51.49582007755605,Clear,1,7.69,Standard,2.071755265663661,11,0,7.37
30.4,55.0828195677485,Clear,4,1.96,Standard,1.7433746598588367,10,1,8.02
9.7,69.75798677167235,Clear,4,0.96,Express,1.436134434687051,3,0,3.48
28.3,76.29808912683123,Clear,8,4.52,Standard,1.3569809140856708,7,0,8.26
23.5,39.5413708974276,Rain,8,8.31,Standard,1.2896150634245793,7,1,7.83
19.4,54.46465022520309,Clear,1,4.59,Express,1.6111283841569088,7,0,6.54
16.9,45.170001950705746,Storm,7,7.02,Express,0.4803598499946664,5,0,7.09
28.7,65.74351925933672,Clear,4,1.56,Standard,0.0,6,1,6.48
15.1,50.81851911274895,Rain,6,1.22,Express,0.848302450515943,4,1,4.48
42.9,55.52652663463376,Clear,8,2.38,Standard,0.22769288925561637,11,0,6.83
32.9,50.135018301817034,Clear,5,5.94,Standard,0.061485471235971034,10,0,5.27
29.6,53.08984871975203,Clear,4,4.33,Standard,0.2958049963884478,9,1,6.74
42.0,85.68371810670644,Clear,6,4.54,Standard,2.53971974717358,9,0,9.99
8.9,98.03379096581904,Rain,5,3.31,Express,0.895287243853091,5,0,7.09
12.6,61.78765768736457,Clear,8,2.41,Standard,1.0533354854526917,4,0,5.32
33.7,53.20054396329574,Clear,6,3.41,Express,0.0,10,0,5.3
17.4,26.278538303985705,Rain,1,2.73,Standard,0.0,9,1,4.68
18.6,41.312472403395276,Clear,8,2.3,Standard,0.226663149816836,5,0,4.6
11.7,52.71875135585369,Rain,2,3.93,Standard,1.8067369096461237,6,1,6.65
15.1,42.12886202852633,Clear,1,2.55,Express,1.0339928262535647,4,1,3.88
43.4,44.0217862683054,Rain,4,3.64,Standard,1.2190165640110746,11,1,8.77
33.3,83.35701053301098,Clear,5,0.64,Express,1.316996227441443,9,1,6.13
28.5,55.51823464729267,Clear,6,3.45,Express,0.38605543414120563,7,1,5.09
19.0,57.12781584523486,Clear,4,2.54,Standard,1.7715759087813572,9,0,5.97
27.6,42.86456991391192,Storm,4,7.25,Standard,0.3570346805444725,7,0,7.58
45.3,76.19580504585255,Clear,8,0.93,Express,1.7843626514837871,12,1,8.85
17.7,51.17358469620578,Clear,2,3.28,Express,1.1096115092947385,3,0,3.9
25.5,45.624454027284585,Clear,7,5.23,Standard,0.0,8,0,5.5
59.3,26.546485288430052,Storm,4,2.8,Standard,0.2763933593796256,16,0,8.42
36.9,53.90016555247541,Rain,2,2.48,Standard,0.0,9,0,6.45
19.1,45.06295596800677,Storm,5,5.22,Standard,1.614297492955946,2,1,8.7
35.4,85.32243542830419,Clear,5,4.26,Standard,0.7826852054383193,9,1,7.26
10.6,88.19017645603512,Clear,6,4.47,Standard,0.0,4,0,6.05
24.9,32.764951094207056,Clear,7,2.3,Standard,1.0630228172037608,8,1,4.29
35.4,34.80124171814205,Rain,2,2.1,Standard,0.42398501632817603,12,0,7.01
31.5,50.02624656772394,Clear,1,3.65,Standard,0.0,8,1,5.91
35.2,40.31131788290311,Clear,5,5.5,Standard,1.974576085878088,8,0,7.94
39.2,58.91349836236084,Rain,8,1.1,Standard,0.8751001062676051,8,1,7.97
32.7,49.120777196459784,Clear,7,2.87,Standard,0.5945980183806813,9,0,6.4
32.3,60.049582129994654,Clear,6,2.17,Standard,0.5204026533097881,9,0,6.53
28.9,73.2896833896454,Clear,1,3.11,Standard,0.0,7,1,4.89
14.2,35.844012813960866,Clear,5,4.92,Standard,0.0,6,0,4.21
43.4,72.91380200459318,Rain,5,1.68,Standard,1.6994417494125584,11,1,9.23
25.4,41.88425654223681,Clear,6,4.57,Express,0.4682819911499967,7,0,3.59
36.5,93.67269128467797,Clear,6,2.35,Standard,0.8154473906558045,8,0,7.46
41.1,84.17756739248898,Clear,3,6.05,Standard,0.0,9,0,6.31
19.6,52.964553954047766,Clear,8,1.75,Express,0.0,2,0,1.75
20.5,37.65549799845925,Clear,4,5.45,Standard,1.226868763912327,6,0,5.2
22.0,34.2124123658575,Clear,4,1.19,Express,1.0643982320796836,6,1,3.7
47.5,70.72531303734154,Clear,1,3.49,Standard,2.0273626391070207,12,0,9.38
15.8,54.45275020245103,Clear,4,4.64,Standard,1.7400694321418584,6,1,6.63
51.6,71.68360394353525,Clear,1,1.78,Standard,0.6385023192606238,13,0,8.31
28.7,94.67612144732152,Clear,7,2.22,Standard,1.1310674952992898,8,0,6.38
29.7,41.13310710310978,Rain,5,3.13,Standard,0.5783775899678483,8,0,6.98
40.2,32.857511612354415,Rain,3,2.47,Standard,2.238366873047054,8,0,10.27
27.1,58.466084221587266,Rain,3,2.07,Standard,1.6043102872366797,7,1,7.82
43.6,75.60567300614136,Clear,8,5.27,Express,0.9187795636004259,11,0,7.88
19.6,38.071714783856365,Clear,8,6.44,Standard,0.9402763494134461,5,0,6.17
50.8,55.62324529766643,Clear,5,6.21,Standard,1.8113952010818655,13,0,8.17
20.4,79.66078590107782,Clear,6,4.15,Standard,1.205704492979693,5,0,6.58
51.8,25.608198907173296,Clear,8,4.51,Standard,1.89103961194906,13,0,8.99
20.7,59.23572330590379,Clear,8,1.57,Standard,0.0,6,0,4.2
22.3,45.27814431522187,Storm,2,2.94,Standard,1.122859783049159,8,0,6.9
14.8,57.23481863748346,Clear,2,3.31,Standard,0.43919559472303055,6,1,5.33
17.0,67.77611723050639,Clear,4,3.73,Express,2.0294645913395946,6,1,5.32
25.5,58.974553141985645,Rain,6,3.69,Standard,1.8824790810328804,4,0,9.02
29.3,36.81599676198661,Clear,1,3.14,Standard,0.8229850663709147,10,0,5.58
42.0,45.977569511797384,Rain,7,4.12,Standard,1.874941685167722,13,1,8.91
23.2,80.67867364584039,Rain,3,3.58,Standard,2.048180163994754,6,1,7.95
13.8,60.92079209063377,Storm,4,3.58,Standard,0.8520846703483032,5,1,7.31
31.5,70.12574429652727,Clear,8,1.87,Express,2.5303536407023,7,1,9.3
28.3,59.50531558329476,Rain,5,1.32,Express,0.7780611931311943,5,0,4.53
33.3,69.56408922835456,Clear,6,3.75,Standard,0.6498353347648638,8,1,6.81
18.3,47.869370381128206,Clear,8,2.29,Standard,1.4061108120090404,5,1,5.57
19.5,41.18479035818616,Clear,3,1.93,Standard,0.5523464882003803,5,0,4.48
18.3,68.74655888526485,Clear,1,4.71,Standard,0.8597378430564258,4,0,4.67
46.1,75.29273218802001,Clear,1,2.96,Standard,1.786604096835637,10,0,7.19
51.1,38.54293640566044,Clear,2,7.04,Standard,0.8134531965520893,12,0,7.59
19.0,44.632993394372896,Rain,4,4.4,Standard,0.0,5,0,4.79
19.2,52.06192429184368,Rain,8,1.79,Standard,1.0571235714944378,7,0,5.86
35.6,84.15684288968768,Rain,5,4.75,Express,0.31259449466332373,10,0,6.39
53.9,65.13643819302867,Clear,3,3.99,Express,1.4056898101061823,16,0,8.96
59.9,31.166437062414037,Rain,8,1.74,Standard,1.287332801078372,16,0,9.23
18.6,53.326309751388976,Clear,7,2.1,Standard,1.8299802437165655,6,1,5.67
21.1,50.57418239649218,Rain,1,4.61,Express,1.4352726105548879,5,0,5.22
30.0,33.881147991929254,Rain,8,0.79,Standard,1.5631709985606452,8,1,7.56
30.8,53.113745495894904,Clear,3,0.57,Express,0.33163226790360073,9,1,3.55
23.6,49.779326087085295,Rain,5,3.45,Standard,1.362790547123352,6,1,8.47
16.7,48.49061457489114,Clear,3,3.28,Standard,2.1779159025522032,7,1,7.34
25.5,47.6671353871274,Clear,4,3.65,Standard,0.31794506395426303,5,0,5.78
59.8,81.48508387027846,Clear,2,3.29,Express,2.0598168042089684,14,0,9.19
19.6,48.453343910190725,Clear,3,4.08,Standard,0.4154549361590687,7,0,3.16
29.1,55.89407901340476,Rain,6,6.5,Standard,0.2036201284650181,7,1,8.4
80.0,53.94223517901887,Clear,8,3.09,Standard,1.0073403103483867,18,0,9.64
19.5,45.90969669338795,Clear,2,1.03,Express,1.3011372912901666,6,0,3.33
36.5,56.43108518261856,Clear,5,0.71,Express,1.4382250867805855,8,1,6.22
61.1,56.17631072975974,Rain,2,2.43,Express,0.12676630545875878,16,1,9.1
34.9,56.43561748418589,Rain,3,2.47,Express,1.1041780680780033,7,1,7.4
44.5,39.533803442264414,Rain,3,1.17,Standard,0.32011179996154643,11,0,7.38
38.9,51.289758869452456,Rain,6,0.5,Standard,0.0,10,0,6.05
33.5,68.68579375629744,Clear,1,2.31,Standard,0.14988457912705078,7,0,4.87
50.2,51.763300635159275,Clear,8,8.29,Standard,0.2743697438309274,12,0,8.35
35.9,57.91207442682265,Clear,6,3.97,Express,1.1651166122467551,8,1,6.39
23.7,58.006666013074394,Clear,3,3.75,Express,1.606549564148068,9,0,6.27
28.0,62.51311235321051,Rain,7,2.75,Standard,0.0,6,0,6.51
31.3,65.0557164702486,Clear,2,2.43,Standard,1.046372751945639,7,1,6.87
21.0,51.865289024514034,Rain,6,4.23,Express,0.0,4,0,2.47
28.6,38.595964544342266,Clear,6,1.27,Standard,1.2403597863098001,6,1,6.08
26.6,33.06312408385224,Clear,8,9.63,Standard,0.36408859329737653,10,1,6.96
35.8,73.31835542925447,Clear,7,1.34,Standard,0.06406968738370489,10,1,6.53
69.5,68.86450806347919,Rain,7,4.48,Standard,1.3597651607433023,16,0,10.59
29.5,66.68856431807548,Rain,7,1.44,Standard,0.3891541761884336,7,0,5.33
54.6,69.60166350152812,Rain,8,3.34,Standard,0.5788252340531113,14,1,10.05
35.2,52.091992294734005,Clear,1,4.79,Standard,0.0,8,1,5.56
28.6,43.75222448022009,Storm,3,0.88,Express,1.4625859529964316,9,0,7.58
20.4,37.352666623635315,Clear,3,1.56,Standard,1.374635964818375,5,0,4.34
28.7,35.39170006146101,Clear,5,1.63,Standard,0.8038204909969198,7,0,6.16
27.8,76.81885639390596,Storm,8,2.57,Express,0.0,9,1,8.2
17.7,46.12339259642532,Clear,1,3.62,Standard,1.6465584248343341,7,0,5.79
19.2,73.98746324579596,Rain,5,8.39,Standard,0.3336156295474462,7,0,6.76
31.4,51.63605505314828,Clear,5,2.08,Express,0.48265258492958835,7,0,5.04
54.3,42.827658251636365,Clear,5,8.06,Standard,2.4184308394516716,12,0,10.31
25.1,35.301433644097415,Rain,8,3.88,Express,0.30745448912353934,7,1,5.73
11.4,44.41322157422049,Clear,4,1.31,Standard,1.3195469736985503,3,0,4.99
7.2,80.52829809231322,Rain,5,2.75,Standard,1.1934645834578324,5,0,7.05
14.7,35.48421856396338,Clear,6,1.04,Standard,1.0731205350160598,1,0,2.92
36.9,93.10144278663371,Clear,2,2.43,Standard,0.9974003797881577,8,0,6.02
12.6,39.86906630554641,Clear,6,2.31,Express,1.0634719933224397,4,0,2.91
39.9,68.49909947172242,Clear,6,3.38,Standard,0.9903584136583783,6,0,5.65
35.9,52.385476703410205,Clear,3,4.49,Express,0.7636571488567574,7,0,5.17
24.6,49.22992751452866,Clear,4,2.9,Express,1.8578981868775195,8,1,6.5
17.8,32.114426011747554,Rain,8,1.42,Standard,0.0,6,0,4.61
22.8,53.22892631047772,Clear,5,7.02,Express,1.5150206728107636,9,1,6.22
31.0,34.150852065411925,Clear,3,8.72,Standard,1.3756396090812861,11,0,8.22
12.8,24.73161220418607,Clear,1,2.71,Standard,1.2888793849305809,5,0,4.26
51.6,57.15277620791409,Clear,1,3.77,Express,1.58188559934809,13,0,7.67
30.9,43.562384076956405,Rain,8,2.61,Standard,0.735180423312125,8,0,7.6
32.7,85.31827329024966,Storm,3,3.4,Standard,0.0,5,0,7.44
35.8,73.0003908716708,Clear,2,3.52,Standard,0.7493951381998599,7,0,7.76
49.1,85.55377926406186,Rain,8,1.18,Standard,0.10616404766281196,12,0,7.75
28.7,42.744107718857826,Clear,3,2.46,Standard,0.2876985530993553,9,0,6.45
36.9,57.45047932236317,Clear,3,5.75,Standard,0.0,10,0,5.36
17.9,10.0,Rain,4,5.44,Standard,0.465858599089316,4,0,5.25
60.0,49.92755714763897,Clear,8,2.43,Standard,0.38236341421158565,15,0,7.53
27.7,56.772970264444254,Rain,1,3.56,Standard,0.0,10,1,7.26
17.9,57.7728653986319,Rain,1,2.56,Standard,1.2901553378976025,7,0,5.79
20.4,54.23736861024989,Clear,5,4.6,Standard,2.3542253006034173,8,1,7.91
8.7,56.198666291530024,Rain,6,0.88,Express,1.2243660354474022,3,0,3.77
20.3,10.0,Rain,8,4.24,Standard,0.6579532304260406,8,1,6.97
6.3,59.61199304947561,Clear,3,7.31,Standard,0.7616775230266492,3,0,4.16
38.3,63.7019180547407,Clear,8,1.85,Standard,0.5053098923907768,10,1,8.24
32.2,79.08445724731932,Clear,3,6.7,Standard,0.8630291087068709,9,0,6.39
15.2,61.63728506698475,Storm,2,3.68,Standard,0.7740943341487365,5,0,5.88
25.3,52.64673279916171,Rain,8,2.9,Express,0.21126609872119395,6,0,5.7
25.9,74.88895460015749,Clear,7,2.42,Express,1.978021872263482,7,0,5.79
13.5,12.567983957209378,Clear,7,6.85,Express,0.0,6,1,3.63
23.1,45.730926448711415,Clear,1,2.56,Express,1.3028320802359723,6,0,4.07
26.3,41.21542035894319,Clear,2,7.99,Standard,0.7291616608777277,9,0,5.16
22.7,54.3786076030364,Clear,4,7.43,Standard,2.1305822705460216,8,0,7.47
17.9,15.423529379875035,Clear,5,2.18,Express,1.038605219473755,5,0,4.29
14.9,78.75344192038693,Clear,2,2.69,Standard,0.5480661239717263,7,0,5.57
22.3,50.50342180568357,Clear,1,0.69,Express,0.626604961095852,6,0,3.51
19.0,60.73834044086081,Clear,4,2.96,Standard,0.8279346861638328,8,0,6.16
34.6,59.015642051078096,Clear,3,3.21,Express,4.6513502519496264e-05,10,0,3.84
50.6,77.7248181077851,Rain,4,6.14,Standard,0.26319133241746184,12,0,8.52
40.9,21.48489757226715,Clear,6,7.68,Express,0.0,9,0,5.53
26.8,57.021780978456626,Clear,8,4.88,Standard,0.15391617113813438,7,0,5.46
18.2,75.6312086926875,Clear,2,5.83,Standard,0.8657345371623149,5,0,5.4
40.3,53.236243959027554,Clear,1,2.69,Standard,1.0101225344991647,8,0,5.36
35.7,37.87715092351057,Clear,2,1.24,Express,0.0,9,1,2.7
48.8,44.129977918195856,Clear,3,3.67,Express,0.7039518078690598,11,1,7.17
28.7,47.92704396748472,Clear,7,6.07,Standard,1.1943869655754926,9,1,7.6
58.4,42.02109946858619,Rain,3,0.36,Standard,0.6859614646366353,16,0,9.01
28.7,52.24939989278753,Rain,1,3.32,Standard,0.3563479479555398,6,1,5.9
18.2,82.14845325733003,Rain,6,0.76,Express,0.5114871984662503,8,0,4.58
20.0,44.24743422032531,Rain,5,1.75,Standard,0.4214656515159446,6,0,5.21
33.8,46.221868462978016,Rain,8,3.4,Standard,0.35428860862436,7,0,7.23
19.0,63.276050512905634,Clear,8,7.76,Standard,0.9216764676713939,7,1,6.86
58.2,51.85323344865023,Clear,4,3.1,Standard,2.4153817594148155,13,1,10.64
32.4,31.074667599792114,Clear,4,4.68,Standard,0.27941005816637177,8,0,4.54
26.5,53.89860811997761,Clear,3,3.65,Standard,0.5773001571370012,7,0,5.17
27.6,53.21995421685534,Rain,2,1.83,Express,0.7638114424373379,6,0,4.95
22.6,72.56221021788676,Clear,7,4.13,Express,0.31885189594919455,8,1,6.2
9.9,37.5012568323521,Clear,2,1.21,Standard,1.5687650624663987,4,1,4.85
20.0,72.68175068959798,Clear,6,3.07,Express,0.0,4,0,4.88
54.5,53.23904538220101,Clear,5,6.77,Standard,0.4282585807349271,14,0,7.22
29.1,35.05704992353007,Rain,8,3.47,Standard,1.3728196154239733,6,0,7.14
43.2,31.441990382615284,Rain,2,3.65,Standard,0.5941339841279565,9,1,7.52
43.9,89.81899350235354,Clear,8,2.43,Standard,0.22541272880479613,13,1,8.41
25.4,52.12151158896207,Rain,4,0.93,Express,1.108529728107135,5,0,4.47
36.0,71.85707410114878,Clear,8,2.62,Standard,1.4344402647780066,6,0,8.35
10.5,24.253850897053667,Rain,7,5.27,Standard,0.947444811650541,5,1,6.03
52.3,100.0,Clear,8,3.96,Express,0.23914574813098177,12,0,6.54
50.2,71.07840331060831,Clear,2,1.27,Standard,1.1193423234062203,12,1,8.03
33.3,50.40207614520624,Clear,7,0.73,Express,0.518565489807647,8,0,4.32
29.6,49.48901455860082,Rain,8,1.81,Express,1.3216308173256794,8,1,8.9
25.6,68.22276630945393,Storm,5,2.64,Standard,1.8382812193996136,6,1,10.11
45.8,67.18927036105084,Clear,4,2.77,Express,0.0,13,0,5.79
38.1,58.2855270471539,Clear,8,2.8,Standard,0.8777472312369429,7,1,6.97
4.9,55.19581764764015,Storm,7,3.08,Standard,0.0,4,0,6.32
21.4,65.09920751246649,Clear,2,4.04,Standard,2.5092520097308393,7,1,8.38
13.9,23.64933604455681,Clear,4,2.31,Standard,0.47231282634266675,4,1,1.74
12.5,48.31705517294345,Clear,3,1.54,Express,1.3224612692777606,3,0,3.89
45.5,25.35645055072877,Clear,3,4.35,Standard,0.775278198283573,13,0,6.89
25.3,65.88266220464509,Rain,6,5.35,Standard,0.23784079349665843,6,0,5.44
33.0,42.83534852140025,Rain,3,2.06,Express,0.15456286697580135,8,1,6.02
27.0,26.7115945837748,Clear,2,9.67,Standard,1.909975421170531,9,1,9.59
12.6,40.71184256765855,Clear,5,7.5,Standard,1.4691566421248177,5,0,6.21
10.7,57.68841162638413,Rain,4,1.33,Standard,2.160508861164294,1,1,7.24
20.6,51.30588911399542,Clear,7,0.77,Express,0.8388173346103894,9,0,5.68
21.5,33.883181937410086,Rain,1,2.72,Standard,1.0015437348722003,6,0,4.91
21.5,24.31236516884891,Clear,3,3.67,Standard,0.6129659040412984,6,0,3.01
21.8,56.330790166549036,Clear,3,9.59,Standard,0.5990424578194936,7,0,6.66
67.1,44.5461740784917,Storm,1,9.39,Standard,0.07067914726584223,16,0,10.82
42.9,50.35454722244708,Rain,7,4.69,Standard,0.858807133647046,14,0,7.63
29.3,52.125666625210606,Clear,7,2.35,Standard,0.24752738357966209,5,0,4.87
25.0,62.74118236915573,Rain,1,6.31,Standard,1.109336245514942,8,1,8.29
25.4,70.24503703185843,Clear,7,3.33,Standard,0.9190071532861468,8,0,6.14
37.4,57.63716561725197,Clear,2,1.13,Standard,1.0013774305730057,9,0,5.5
24.9,49.23167410432641,Storm,7,1.16,Express,1.9725909577831582,8,0,7.64
40.7,55.44574368572445,Rain,4,2.36,Standard,0.7735974351640862,12,1,8.13
31.0,48.89373458932681,Clear,7,5.66,Standard,1.3297089019973998,6,1,5.82
67.4,25.43403963460382,Clear,8,1.42,Standard,2.236056624859907,18,1,10.4
24.1,74.65503108321235,Clear,8,2.35,Standard,1.7146319485065333,4,1,5.97
44.5,71.26189952478046,Clear,3,7.46,Standard,1.6072187889183913,9,0,9.04
14.5,90.79001188445073,Clear,5,3.95,Standard,0.58531824913565,5,0,4.11
18.5,96.04898751659695,Rain,2,4.26,Standard,0.9607501388974578,9,1,8.42
62.9,33.83163761945031,Clear,2,5.79,Express,0.0,14,1,6.79
39.9,48.96280143318109,Rain,7,2.39,Standard,1.1492400806750902,10,0,7.46
33.3,100.0,Clear,5,7.78,Express,0.9921221243296892,11,1,8.11
76.3,54.27008891951977,Clear,5,4.78,Standard,0.8163695876093268,17,1,9.69
25.2,59.39579624584154,Clear,6,2.83,Express,1.519036351770002,5,1,5.92
44.4,27.619660869497572,Clear,5,6.88,Standard,0.0,10,1,6.28
46.1,57.705195368381936,Clear,7,4.64,Standard,1.944403995812243,13,0,8.61
55.9,89.7749267456636,Storm,7,3.03,Express,1.4312352815581986,13,0,10.94
13.6,78.15926458186351,Clear,1,4.34,Standard,0.7505562142436182,8,0,4.42
25.1,44.02027681266622,Storm,3,1.64,Standard,0.6958892885278245,8,0,6.17
30.7,47.86630540176851,Clear,8,6.32,Standard,1.136427850674016,7,1,7.54
55.5,34.643794735103256,Storm,6,9.49,Express,1.8645958624446457,13,0,11.12
32.6,39.679063475505295,Clear,7,0.89,Standard,0.8711254030830076,7,0,5.62
46.1,20.616185281843542,Storm,1,2.05,Express,0.9008216313854583,10,0,7.55
13.0,53.47324585612463,Clear,6,1.93,Standard,0.81268293433811,11,1,5.73
22.1,82.1819922387474,Rain,3,4.97,Standard,2.0474168788910307,8,0,8.74
50.1,61.39777463368749,Rain,6,3.54,Standard,0.5417818279440834,13,0,8.6
23.7,79.59230181938318,Clear,1,2.27,Standard,0.7793446809666502,6,0,3.77
26.1,74.31848921666797,Clear,4,2.52,Standard,1.8244049579826962,10,0,5.81
55.0,45.157454387692695,Clear,8,2.13,Standard,0.9029075835290046,15,1,10.06
16.3,41.328880094683925,Storm,7,4.58,Standard,1.5959412020318657,8,1,8.83
18.3,42.0186779766738,Clear,8,3.5,Standard,0.16210396016792905,8,0,5.42
12.3,24.09288492804312,Clear,3,2.44,Standard,0.6562952348600402,2,1,3.48
56.1,55.58194419032034,Clear,2,2.15,Express,1.83910382690816,12,0,7.52
42.5,10.0,Clear,3,6.95,Express,0.32656219896551825,9,1,5.23
42.0,65.64547916715495,Rain,3,6.22,Express,0.6940906721612049,9,0,9.02
21.8,56.293856842939746,Clear,3,4.61,Standard,0.9796796616240351,7,1,6.34
11.8,63.48591759690712,Clear,4,5.81,Express,0.10759183740490941,4,0,2.99
10.1,74.02629309306644,Rain,7,1.14,Standard,0.5103329169646721,7,0,4.21
50.3,58.57830259009936,Clear,1,1.41,Standard,0.8788456772779483,15,0,8.86
34.5,84.3682912777856,Rain,7,1.3,Express,0.8326772139133729,9,0,6.55
37.8,66.19502459713978,Clear,2,3.09,Express,1.696246414585995,12,1,7.83
30.0,41.3717167573111,Clear,1,5.93,Standard,1.8790200363825775,10,0,7.81
17.2,50.72120124137418,Clear,6,2.3,Standard,0.20074058959936214,5,0,3.76
22.3,14.29676151849754,Rain,6,6.45,Standard,0.8778879634172426,3,1,6.82
15.0,38.76057207150102,Clear,6,2.04,Standard,1.271973815897336,5,0,4.34
14.0,48.14206469319897,Clear,1,2.81,Express,1.861443226059438,4,1,3.97
40.8,64.83292497203799,Clear,5,2.28,Standard,1.3029432081219907,10,0,8.15
10.6,41.4935014862474,Clear,4,2.66,Express,1.0036393811146322,4,0,3.14
15.0,32.567247749180254,Rain,5,2.87,Standard,1.2665797723878414,5,1,6.53
23.0,21.024425745853733,Clear,7,0.75,Express,1.2716381840353819,7,0,4.41
27.4,44.264484665320275,Rain,6,3.88,Express,0.15059999540094215,6,0,5.38
12.2,90.11533244262273,Clear,4,2.82,Standard,0.9349591547543882,5,1,4.54
10.4,59.87992662814659,Rain,1,7.77,Standard,1.821412695932084,3,0,6.32
32.4,71.91242942239322,Clear,6,4.47,Express,0.6548502619141968,9,0,5.5
29.1,38.799023812043515,Clear,1,3.77,Standard,0.890612649783211,9,1,5.45
49.8,26.677904318160067,Clear,4,7.48,Standard,0.6302384853317847,10,0,7.59
27.6,33.020605646414786,Rain,1,7.01,Standard,0.0,7,1,7.13
34.1,53.25164003516253,Clear,1,7.98,Standard,0.8144131240642755,9,0,7.8
17.7,19.105680817373383,Rain,2,2.13,Express,1.011254351457011,5,0,3.77
18.1,36.881372504624125,Rain,7,1.27,Standard,0.4412546263833687,7,1,5.9
12.9,44.44550765251671,Clear,5,0.76,Express,0.0,3,1,2.89
17.8,31.22334449086058,Clear,8,5.76,Standard,0.18357547815284558,5,1,5.52
22.2,16.773705688153072,Clear,5,0.67,Express,1.334931331294895,5,1,3.47
47.3,60.21376656777564,Clear,5,3.54,Standard,2.1807673411328334,13,0,10.38
16.4,55.82568600792217,Rain,3,0.95,Standard,1.7677033386338028,5,0,6.83
69.0,69.02253761734232,Rain,2,6.29,Standard,0.0,16,0,10.41
35.6,35.012336513456034,Clear,8,4.24,Express,1.398239117385492,12,0,7.38
32.0,68.67860937485449,Clear,6,6.27,Standard,0.335786336933497,8,0,6.85
26.5,82.52747550076394,Clear,6,3.59,Express,0.3924130562438561,9,1,4.92
24.0,59.71986518026339,Clear,6,1.53,Standard,0.47661708142010123,9,0,5.15
19.2,44.02114669996011,Rain,5,2.24,Standard,1.2942468648988013,7,1,5.5
11.9,57.61145169116639,Clear,7,5.4,Express,1.4714773635143268,4,1,5.64
16.7,43.15982699267961,Rain,5,0.89,Standard,0.7313782501041485,6,0,5.03
56.1,40.16289596178247,Clear,8,2.11,Standard,0.7432504812943828,11,0,7.41
34.5,67.29868701105987,Clear,7,1.9,Standard,1.1249846202650553,8,0,7.55
55.8,52.497094243830425,Clear,2,2.89,Standard,1.1975961776669692,12,0,7.54
18.9,76.69172176210051,Clear,7,4.56,Standard,1.6233579947309704,9,1,7.37
14.8,47.03638619361574,Clear,8,6.17,Standard,0.0,4,0,4.46
26.4,48.858857547939806,Rain,1,1.08,Standard,0.8140191378628211,6,1,4.71
17.0,44.802802085833505,Rain,5,1.61,Standard,0.05238293687617579,4,1,4.71
29.2,34.83669810363031,Clear,6,1.18,Express,0.7643404046556179,9,0,2.56
10.7,69.65964817509864,Clear,1,2.97,Standard,0.6416772986234673,4,1,4.19
8.1,94.34280996305478,Clear,5,1.29,Standard,0.7672753822681084,5,0,5.33
31.4,48.11990970580926,Rain,4,3.86,Standard,0.24017997832262783,9,0,6.71
56.9,42.75107301384989,Clear,3,6.71,Express,0.0,11,0,5.87
32.1,41.58417729327237,Storm,5,0.78,Standard,0.0,7,0,6.68
34.4,42.76480190319316,Clear,4,1.65,Standard,0.7081738920146118,11,0,5.05
27.0,84.69610635233443,Clear,8,8.04,Express,0.4982992259169427,7,1,6.58
28.3,42.067350644321955,Storm,2,3.47,Standard,0.3268436346373211,9,0,9.45
11.6,44.465197583988285,Clear,4,2.13,Express,1.7257839239821626,4,0,5.38
17.3,32.6736234612825,Clear,2,13.37,Standard,0.1983932692432825,4,0,5.37
47.1,60.28567792953527,Clear,5,2.52,Standard,1.7917838574971618,11,0,8.31
14.1,53.789867881282234,Clear,2,4.45,Express,1.93669062098848,3,0,3.92
21.9,34.53078203555391,Clear,4,1.7,Standard,0.0,6,0,3.12
46.6,38.92906724827456,Rain,7,1.49,Standard,0.8646670212992789,12,0,8.12
27.9,82.59280066964004,Rain,3,4.62,Standard,0.5202124564148065,8,0,6.63
28.6,55.58873961283782,Clear,1,8.49,Express,0.0,5,0,5.11
22.0,56.83033711805136,Storm,1,2.2,Standard,0.0,6,1,7.86
36.9,56.901768850469104,Clear,3,1.41,Standard,1.342455274975932,9,0,6.77
41.5,80.10325698780117,Clear,6,5.7,Standard,2.213439476897885,9,1,9.65
16.8,36.18614147822721,Clear,1,2.22,Standard,1.431874699889474,6,0,3.5
12.2,47.86488063682382,Clear,8,3.9,Standard,1.0265427307590844,4,0,5.49
9.0,51.9586262800748,Clear,5,2.15,Standard,0.7850673328582388,6,0,3.41
33.5,24.018835144784966,Storm,6,2.42,Standard,1.9778640402536796,10,0,8.8
31.6,38.50945270153582,Clear,5,1.6,Standard,2.3037674413703484,10,0,7.89
79.0,73.84014689105688,Clear,4,4.7,Standard,0.3892101243330698,17,1,11.09
27.1,68.68384293394212,Clear,8,3.97,Standard,0.0,6,0,5.0
24.6,71.86720375183657,Rain,4,3.88,Standard,0.0,7,1,6.15
29.7,44.39637599443478,Rain,6,1.84,Express,1.7253166945118614,8,0,5.95
30.6,46.61748567786094,Clear,6,3.75,Standard,0.7670590214579295,7,0,4.94
23.6,22.81482108931541,Clear,8,9.21,Standard,0.9282693373211031,5,0,5.61
17.1,71.77482176169357,Clear,8,1.42,Standard,0.0,5,0,3.07
26.3,74.73974083778972,Clear,6,1.71,Express,0.27276776104807365,7,1,5.35
25.8,74.51057739764094,Clear,6,1.78,Standard,0.5931634302694524,8,1,6.46
25.6,83.87364256259032,Clear,2,3.27,Standard,0.9454868683548494,8,1,7.04
38.9,62.597954682818305,Clear,7,1.34,Standard,0.5209855727603687,11,0,5.74
26.1,83.02387305784046,Clear,6,4.24,Standard,0.07387166118906019,5,0,4.5
12.4,51.39145703515819,Clear,8,0.71,Express,0.250803105178234,5,1,3.42
18.6,23.193813429900096,Storm,7,5.07,Standard,1.6458263001630629,5,0,7.96
23.5,70.49304419032212,Rain,6,3.84,Standard,0.9713492337224499,5,1,7.14
26.7,22.529995731843478,Clear,4,9.08,Express,1.2285097648688863,7,0,5.33
33.9,58.063636890880574,Clear,5,1.47,Standard,0.17078833238586932,10,1,7.28
26.8,72.1958284382366,Clear,7,5.84,Express,0.0,7,1,5.69
8.2,60.83665832863355,Clear,4,2.83,Standard,0.4338269851808526,6,1,6.06
13.1,96.00837527048095,Rain,1,2.46,Express,0.19340061190215252,5,0,5.27
35.1,19.613278105354397,Clear,8,1.41,Express,1.0443085880396556,8,0,6.11
23.2,53.50850789435352,Rain,2,2.18,Standard,3.1000065995772896,8,0,7.5
28.0,55.31419837454781,Storm,2,2.25,Express,1.2866162123327791,8,1,8.14
21.7,30.806149308716556,Clear,5,0.96,Standard,2.715172111568442,5,1,6.36
18.6,34.23280976696286,Clear,6,3.81,Standard,1.198138786737614,9,0,4.39
22.1,39.7876850051212,Clear,4,3.49,Standard,0.3590796336990995,7,0,5.75
28.2,35.20634870711328,Clear,1,4.44,Standard,1.0435412546846183,8,0,5.4
26.0,53.056096297050374,Clear,4,1.98,Express,2.0464470196343956,6,1,5.19
41.3,44.14663179726112,Clear,8,5.19,Standard,2.0806938174248675,12,0,8.4
11.1,60.72235091372215,Rain,8,6.93,Express,0.3972638423698447,5,0,4.54
12.0,66.68974839165513,Clear,6,2.59,Standard,0.9772285869895093,5,0,4.41
23.0,65.47202127494,Clear,6,1.49,Standard,0.0,6,0,4.3
34.1,47.61772758667439,Clear,8,3.16,Standard,1.3772680372840007,10,1,8.87
37.8,60.1205613303605,Rain,3,3.06,Standard,1.887348289339126,11,0,8.11
19.0,73.63232049118119,Clear,8,2.68,Express,0.8278596178812113,5,0,5.82
5.7,63.02016246299482,Rain,4,4.44,Express,0.33283116194791035,1,0,4.21
19.3,88.46159849998156,Clear,5,2.37,Express,1.0520916658942938,7,0,5.32
31.7,72.67922176180038,Clear,4,1.4,Express,1.0922213219542163,6,0,5.65
25.7,85.9313273076723,Clear,2,3.36,Standard,0.8568006822947342,7,0,5.98
34.7,10.137823697258838,Clear,1,4.58,Standard,0.9251005870351671,8,0,6.4
46.3,56.74017018052418,Rain,7,4.83,Standard,0.6783296046714404,13,0,9.11
23.9,49.16921498286007,Clear,5,2.27,Standard,1.497168449758484,6,1,5.03
20.4,52.75036485434413,Rain,3,3.68,Standard,1.315359211615589,8,1,7.42
15.9,40.51073043812549,Clear,1,7.01,Standard,0.11182779699909562,4,1,5.18
11.9,62.13158920691524,Clear,1,5.95,Standard,0.09258657778898383,6,1,4.57
10.3,22.44958421648657,Clear,7,0.91,Standard,0.6219379080814067,7,0,3.8
18.0,62.26186353168323,Clear,2,2.39,Express,1.3157859868736255,4,0,3.69
43.1,41.10919803675027,Rain,2,6.73,Standard,0.9036401897235703,11,1,7.62
36.4,45.99305037783218,Rain,2,0.91,Standard,0.3497947129141414,13,0,5.35
19.9,62.89303185218328,Clear,5,2.9,Standard,0.9830630177080811,6,0,4.25
69.3,56.417999101594,Clear,4,1.96,Express,0.5684326363344097,16,0,8.14
18.7,73.97057640531617,Clear,1,3.73,Express,1.4163405221568919,7,0,3.15
48.5,37.54893689477219,Clear,4,0.54,Standard,1.0331409045469333,12,0,6.28
54.3,53.54729826009171,Clear,4,6.32,Standard,0.5793052687834994,10,0,7.16
32.7,70.99791610620072,Clear,2,3.0,Express,0.9620631404325231,10,0,5.38
17.9,61.50159538752517,Clear,4,1.33,Standard,1.720533641666941,3,1,4.39
21.3,62.66069656233034,Clear,1,1.76,Express,0.4012589464175358,6,0,3.77
28.5,74.94477145089822,Clear,1,3.82,Express,1.0818598871530127,10,1,5.16
12.1,47.6876359203485,Clear,6,1.67,Standard,0.750677761673803,4,0,4.93
15.1,43.89704421179912,Clear,3,8.32,Standard,1.0988885787034697,4,0,5.02
14.5,65.36627986478204,Clear,5,2.76,Standard,0.3418045408829888,6,0,4.41
34.0,52.31023325180039,Storm,4,7.39,Standard,0.8772348032115631,8,0,9.05
46.0,75.19966421855888,Clear,5,3.36,Express,1.5754762976917607,9,0,7.38
37.1,61.65592186807101,Clear,5,4.7,Express,0.14409511312772494,10,0,5.42
42.2,43.77968775477529,Clear,5,4.52,Express,0.0,10,1,5.35
17.1,61.09091248260055,Clear,7,2.13,Standard,0.0,4,1,4.77
21.8,38.7514060439944,Rain,8,4.74,Standard,0.0,7,0,6.03
22.7,72.04471243042701,Clear,6,2.27,Standard,1.216726301524865,7,0,5.47
32.7,29.851258482133268,Storm,5,0.84,Standard,0.0,8,0,6.92
18.3,76.99717493553133,Rain,8,2.6,Standard,0.5914732586795286,5,0,7.04
40.9,60.77577720132239,Clear,8,1.19,Standard,1.2328025123174955,11,0,7.83
53.5,52.03790254679187,Clear,6,2.21,Standard,1.0916613423840156,14,1,9.28
33.5,68.74001471680978,Rain,1,2.93,Express,0.5301087140262605,8,0,5.86
21.3,64.20387959492238,Clear,7,1.52,Standard,0.9336466122285743,7,1,5.28
16.3,78.94687034184508,Clear,4,4.31,Express,0.8750017308162978,6,0,4.05
14.5,78.77911129036241,Clear,6,2.25,Standard,0.6430313311162696,6,1,5.75
8.3,61.341227994993154,Clear,3,1.17,Standard,0.6524156969417939,4,0,4.4
23.1,39.30812761525161,Clear,8,1.54,Express,2.3647992043298727,5,1,8.1
22.4,45.25283799196766,Clear,5,3.23,Standard,1.3665176327519104,6,1,6.9
39.7,53.71035605539033,Rain,8,2.52,Standard,2.5364556422585,10,0,8.55
18.9,74.47099049911169,Clear,7,3.64,Standard,0.45212580695564913,9,0,5.1
23.7,46.78504369592544,Rain,3,3.24,Standard,0.7405233821782968,6,1,8.09
30.0,48.28707063225754,Clear,1,1.44,Standard,0.0,9,1,4.83
33.2,88.27031132681368,Clear,1,1.92,Express,0.2333032385372995,8,0,4.72
37.4,53.12262679520092,Clear,2,5.17,Standard,2.1313392040637504,10,0,7.26
28.5,43.57482597520111,Clear,5,1.62,Standard,0.4345759971107706,10,0,6.4
12.5,68.97962851109466,Clear,2,7.5,Express,2.1434969101011214,6,0,6.33
31.8,53.98958290672747,Clear,7,0.98,Standard,0.0,6,0,4.15
18.2,29.987215058195822,Rain,3,5.06,Standard,0.06257167614870629,5,0,4.06
47.1,73.73645349053272,Clear,8,2.79,Standard,0.5611381452836053,13,0,7.96
26.2,41.55329222741305,Clear,4,1.44,Standard,0.7553750548245756,7,1,5.45
29.4,55.78454077101237,Rain,2,3.17,Standard,1.4461611047150909,6,1,8.09
82.3,53.773495951827584,Rain,1,1.66,Standard,1.1155392920303862,17,0,10.89
37.7,59.141821122457536,Clear,5,2.01,Standard,0.5085793198591806,11,1,6.58
31.5,15.56066669383604,Clear,8,2.29,Express,0.7066789354373256,10,0,4.21
24.1,48.968209381613775,Rain,3,4.81,Express,0.57665595615071,7,0,5.16
13.0,75.24706708208264,Clear,6,1.9,Standard,0.15974238527198925,8,1,4.65
23.2,77.77801935804976,Clear,7,3.5,Standard,0.17842594437886494,8,0,5.46
16.2,37.15677313047422,Clear,7,4.93,Standard,1.5195187240033867,5,0,5.69
56.8,71.57076836881268,Rain,1,3.11,Standard,0.0,12,0,7.27
31.7,41.29426442033949,Clear,6,3.86,Express,1.9321510882115382,7,0,6.56
46.3,48.2584193310289,Storm,7,2.92,Standard,0.5599040420784377,12,1,9.47
18.6,49.204281403733475,Clear,4,4.25,Standard,0.25924397552548795,5,1,4.27
16.9,56.95846677469735,Rain,8,1.14,Standard,1.3178315034880885,8,1,6.76
35.9,73.02459621323553,Clear,5,7.09,Standard,1.839651608902982,11,1,9.36
15.9,59.762521648524,Clear,8,1.82,Standard,1.5823427091227702,6,1,6.33
20.5,52.729628314170796,Rain,4,2.81,Express,1.1512964345519237,4,1,5.9
58.2,72.41160219468787,Clear,7,0.66,Express,1.560804442805285,13,0,8.63
20.9,40.55209497579314,Clear,4,2.08,Express,0.0,8,1,4.66
11.6,53.61008601757691,Clear,8,3.59,Express,0.43471862095829633,3,0,3.55
9.4,72.92406211079552,Clear,7,7.69,Express,0.1621809579826089,6,1,4.0
10.9,64.52751181223032,Clear,5,4.38,Standard,1.6572471118506227,5,0,5.55
47.6,46.60652840599157,Rain,5,2.2,Standard,0.5315653867532794,12,1,7.42
19.2,27.766778201195187,Clear,6,0.92,Express,1.3917845897474388,5,1,5.62
81.0,60.59544743430661,Clear,4,6.58,Standard,1.1750998597420466,18,1,12.93
53.8,26.583846365746194,Clear,3,2.13,Standard,0.19638514468542334,13,1,7.36
65.3,51.17497543555903,Clear,6,3.59,Standard,0.38912925301660095,17,0,9.26
42.8,76.22107118626002,Rain,5,2.2,Standard,1.705672383570308,9,0,8.95
34.9,65.74165563343328,Clear,1,3.88,Standard,0.2571621459209107,9,0,6.04
16.5,18.57422839578099,Clear,7,6.4,Standard,0.8874073271368353,5,0,3.79
25.9,58.608127078125705,Storm,6,4.77,Standard,0.2522210995714885,8,0,7.72
36.7,49.2549415371533,Clear,2,2.49,Express,0.5802334691588976,8,0,4.04
41.5,32.073086786941914,Rain,3,6.68,Standard,0.7676866392210198,8,0,7.69
13.7,61.03038332443784,Rain,7,8.75,Express,0.2519934427917562,6,1,5.96
23.4,46.14871872176691,Rain,6,5.56,Standard,0.12768713221128303,4,1,7.62
24.8,46.26038730448904,Clear,5,2.25,Standard,1.0003913357442098,9,0,6.32
24.3,57.232812131680966,Rain,8,5.07,Standard,0.20868381384617674,7,0,6.63
14.7,43.73407844377328,Rain,5,5.52,Standard,0.2325397110109293,3,0,4.83
61.3,56.72324500959814,Clear,3,2.52,Standard,0.1426627994086206,14,0,8.72
23.0,44.32015198666119,Clear,2,8.75,Express,0.7454643675680772,7,0,5.01
15.2,45.30769370879425,Clear,6,6.22,Express,1.4605911440798889,4,0,5.09
62.1,72.8727358473195,Clear,8,2.61,Express,1.8545700454185867,14,0,9.05
53.8,74.70408945484498,Clear,6,2.25,Standard,0.291857339804355,14,0,7.41
27.9,24.24422355143275,Clear,4,5.44,Standard,2.305217555331848,7,0,6.99
9.4,68.44731118923795,Clear,1,10.23,Standard,0.09670659750524302,2,0,3.09
20.2,80.1746380832699,Clear,5,1.2,Standard,1.5584839663295087,6,0,4.84
10.4,83.03278271326437,Clear,6,4.01,Standard,0.2948124821891903,6,1,5.6
33.6,64.36683506593214,Clear,6,5.01,Standard,0.19035371109099286,11,0,7.62
19.4,35.966838560609844,Rain,7,6.36,Standard,0.27867069025092805,3,0,5.77
25.6,66.33965512625562,Clear,7,5.04,Standard,0.7632866102456166,9,0,5.92
59.3,39.3534576061135,Clear,6,2.15,Standard,1.2059805197235272,14,0,7.19
18.7,48.82662700918023,Clear,2,1.1,Standard,1.2689076265333754,7,0,5.51
32.9,61.89547882680674,Clear,1,2.43,Standard,0.13921048925647828,8,0,4.66
38.0,40.514331760862696,Rain,6,4.93,Standard,0.107238498742112,7,0,7.07
46.9,34.36479447907988,Storm,3,1.99,Standard,0.15835291464551715,12,0,8.44
24.6,63.38391973283482,Clear,5,6.99,Standard,0.7220519183301422,6,1,7.0
23.3,88.61003567762168,Storm,4,2.75,Standard,0.6528910770663878,5,0,7.72
23.0,77.37821794863035,Clear,7,1.9,Standard,0.13487717655114362,5,0,5.13
31.3,67.72935133090171,Clear,3,4.3,Express,0.988722585844271,9,0,5.58
52.7,72.6253378406152,Clear,5,2.56,Express,2.3837981658347225,13,0,8.18
22.5,66.47895094927449,Rain,8,2.21,Standard,0.4466991767153941,8,1,6.11
6.3,63.09820412936907,Clear,7,9.46,Standard,0.49654172515752665,4,0,3.48
40.1,71.17512111277564,Rain,2,1.98,Express,1.191763099227058,9,0,6.69
26.9,30.3694643430276,Rain,7,2.37,Standard,0.40882859578424363,7,0,6.85
33.7,58.59073538997244,Clear,1,4.34,Express,1.2682751372027277,8,0,6.2
10.6,53.54293228761082,Clear,1,6.93,Standard,0.2970201052546718,4,0,4.37
19.5,56.42025096060215,Rain,5,4.08,Standard,2.082483725304111,4,0,6.68
38.5,46.69530013455778,Clear,3,3.22,Express,1.0413424808146061,10,1,6.92
12.8,64.36878120593617,Clear,4,10.15,Standard,0.365983935646302,6,0,5.56
32.8,40.27729582562307,Clear,2,2.29,Standard,0.38791581037150824,7,0,6.06
25.5,45.39061127094338,Clear,5,2.3,Standard,0.4403401731043756,9,0,4.37
17.4,43.230161554262196,Clear,8,2.0,Standard,1.7609247663742114,6,1,5.7
16.6,70.55103947085765,Clear,2,3.91,Express,0.0,6,1,3.28
14.7,54.78897694223452,Clear,1,1.6,Standard,0.3324408306783468,2,1,2.67
26.8,46.705017883658265,Clear,6,1.32,Standard,0.4068376101522018,5,1,4.39
28.4,48.278265489708744,Rain,6,2.36,Express,0.7890184232701435,8,1,6.21
21.3,55.06985110024733,Storm,4,0.89,Standard,0.610223215147244,7,0,6.31
14.3,84.19914853965737,Clear,2,3.59,Standard,0.0,4,1,1.75
32.4,32.742633945759906,Clear,5,3.92,Standard,0.5201241214831728,11,1,7.17
40.5,67.15917995823614,Rain,4,4.37,Express,0.7303145217705221,11,0,5.88
35.4,63.49352208455814,Clear,7,5.21,Standard,0.36033151544415176,8,0,6.9
66.6,39.106622827958034,Clear,7,2.41,Standard,1.2807428423333653,15,1,9.51
23.5,81.40371922278436,Storm,8,6.43,Express,1.443585900127553,10,1,11.14
50.1,64.70704811585217,Rain,3,6.03,Express,0.745129310189425,10,1,8.99
18.2,45.86080054186438,Rain,6,1.44,Express,0.9613791107955105,6,1,4.92
16.7,21.530560132967324,Rain,5,2.92,Standard,0.0,5,1,4.26
27.6,59.124643020984024,Clear,2,0.48,Standard,0.5052280594867178,9,0,6.09
55.7,54.1945794743923,Clear,4,6.49,Standard,1.503375184230539,15,0,8.27
22.2,36.447167237209854,Rain,5,5.15,Express,0.5035943917745058,6,0,5.12
10.6,36.21494061755854,Clear,4,7.43,Express,0.28391682652562744,6,0,3.45
40.1,70.63317760815109,Clear,4,0.98,Standard,2.3943822482216515,13,0,8.22
24.9,19.797491668222087,Rain,4,4.15,Standard,2.073354033137064,7,0,7.42
30.2,60.65708959131465,Rain,2,2.1,Standard,1.1273024387375101,9,0,7.09
17.2,51.62613444440449,Clear,5,0.65,Express,1.5972374280360333,5,1,5.08
27.5,63.94878691036191,Rain,1,5.64,Standard,0.0,8,0,6.27
11.4,49.702509822516376,Rain,1,1.22,Standard,0.24871399155990548,4,1,4.81
61.8,60.27894937468566,Rain,2,3.81,Standard,0.471029488778794,16,1,9.74
43.9,41.630052798483234,Clear,7,2.08,Standard,0.6348139307931377,13,0,6.35
26.9,54.11431150887937,Clear,2,3.39,Standard,0.4570391853182263,7,0,5.07
39.5,63.803509806713365,Clear,6,5.25,Express,0.0,12,1,5.8
18.3,57.71569368295846,Clear,4,3.4,Express,1.0702172330959918,8,0,4.07
42.9,61.845523163227796,Clear,5,1.58,Standard,1.1805578897964248,12,0,7.08
21.7,38.29741660987035,Clear,5,9.61,Standard,1.9213291541129869,6,0,7.11
20.9,44.36785788607266,Clear,3,2.43,Express,0.24818351465752564,5,0,3.15
15.3,44.679882894112986,Rain,3,1.81,Standard,0.19088578955406854,4,0,5.02
32.2,50.02318439943845,Clear,8,2.86,Standard,0.0,10,0,5.2
26.3,79.45449165312091,Rain,1,0.99,Express,0.5945032143863798,5,0,5.03
50.9,48.62478240035738,Rain,3,1.93,Express,1.4307782467435202,13,0,7.89
14.3,34.415929724220995,Clear,3,2.54,Express,0.3717624964650965,3,1,2.53
32.2,64.74962238131066,Storm,1,3.58,Standard,2.3004113729805535,10,0,9.97
46.1,79.23958176582067,Clear,6,3.13,Standard,0.6203836149473336,11,1,8.75
81.9,32.29818666665844,Clear,7,4.16,Standard,0.902894599001989,20,1,10.89
28.7,90.51059358492563,Rain,1,2.94,Standard,0.0,9,1,7.02
21.5,62.47317884181529,Clear,7,5.99,Express,1.0010542416226957,8,0,5.03
28.3,73.61003420323104,Rain,8,4.63,Standard,0.0,10,0,8.48
48.8,81.40728943077967,Clear,3,3.95,Express,1.2855885685092014,12,1,7.49
48.8,72.50711756873936,Rain,5,6.62,Standard,1.3070997233647885,10,1,8.79
24.4,53.01035925386172,Clear,3,6.62,Standard,1.7515039970355573,5,0,7.27
48.4,76.91856659544547,Clear,4,3.29,Express,0.08602189686261796,9,0,5.69
25.6,59.58279585767655,Clear,8,2.35,Standard,0.9123934828081935,5,1,5.88
39.3,74.62872504833751,Rain,7,3.49,Standard,1.194671591570553,10,0,8.13
34.2,76.5977587080523,Rain,7,2.77,Standard,1.109597146831217,8,0,9.24
21.0,35.363861380490164,Clear,4,2.29,Standard,0.19429050740560416,6,1,4.75
15.6,69.29742037558611,Clear,4,3.4,Standard,0.0,6,0,4.72
46.7,51.72594546675931,Clear,6,3.87,Standard,1.0428722078191368,11,0,7.71
53.3,57.48743146211227,Rain,2,4.49,Standard,0.6932502251830565,11,1,9.1
31.8,57.28766947917036,Clear,4,7.28,Express,0.40333058492699186,8,0,6.47
25.6,56.56546391635645,Rain,7,3.62,Standard,1.3347617546008264,6,0,6.95
13.4,82.4234556201227,Rain,5,2.99,Standard,0.7685563232918968,4,0,4.76
46.1,30.40394271590686,Clear,7,5.55,Standard,0.0,13,0,7.4
30.0,23.997819576343854,Clear,7,1.69,Standard,0.0,8,1,5.33
22.6,20.200778710019684,Clear,6,0.89,Standard,0.00972571440678438,9,0,3.97
39.9,74.24459675084645,Rain,2,4.12,Standard,2.4751086063367507,12,0,10.15
12.1,41.07812514638212,Clear,2,2.43,Standard,1.305943741752941,4,0,4.06
14.9,57.37935645126795,Clear,4,2.55,Express,0.9320286393825084,3,0,3.59
17.9,52.935091765757576,Rain,8,1.66,Express,0.6728373509699368,6,0,4.72
33.6,39.04524746848036,Clear,3,6.26,Express,0.6268249420367951,10,0,4.95
28.5,70.32659027600258,Clear,7,0.92,Standard,1.6170371883513663,7,0,7.46
35.6,52.70566657208708,Clear,1,4.38,Standard,0.45658298066759795,10,0,4.92
44.5,50.720768613309076,Clear,3,3.01,Express,1.203844287479005,13,0,8.33
36.3,59.191683539324515,Rain,3,7.56,Standard,0.5561004347958842,8,1,8.79
62.5,67.9738975270879,Clear,2,5.57,Express,2.1581096422845434,13,0,7.86
44.4,37.73842761637994,Clear,2,1.36,Standard,1.3196019553048126,12,0,6.67
24.3,70.71253025199915,Rain,6,4.63,Standard,1.671889770278538,7,0,7.76
19.4,81.0973633559203,Clear,6,4.04,Express,0.39091315771823293,5,1,5.17
24.7,29.32979736229883,Storm,2,2.87,Express,1.5406952787971953,6,0,5.93
36.9,60.00938162430097,Storm,5,4.4,Express,0.5811958022237165,9,1,8.34
20.5,49.511400177568106,Clear,5,1.92,Express,0.8770243767529945,4,0,3.68
37.5,67.58615045296253,Clear,1,3.22,Standard,1.9445333694336209,11,1,7.7
35.3,33.10013417451668,Rain,2,3.05,Standard,0.07005746027050674,8,0,5.07
15.5,84.32088806158436,Clear,4,1.73,Express,0.9422734119137803,1,1,4.9
44.0,26.057893484276754,Clear,6,2.43,Standard,1.1066036809631088,11,1,6.01
31.3,50.602943084022385,Rain,2,2.16,Standard,1.164003066560567,7,0,6.99
60.9,62.81732936791648,Clear,5,3.87,Standard,0.4844508548345743,17,0,9.25
25.7,42.64593675517315,Rain,2,6.49,Standard,2.260384870565657,6,0,7.78
22.1,39.81877212777333,Clear,5,1.14,Standard,0.0,5,0,3.73
14.4,59.00024145934943,Clear,2,3.95,Standard,1.8212197720427286,6,1,7.19
14.3,56.399678559839444,Clear,7,2.1,Express,1.6505459239141471,4,0,3.99
41.4,55.10688704947269,Storm,4,5.35,Standard,2.1306221527225793,9,0,10.06
57.8,70.45639320638126,Rain,8,3.92,Standard,0.0,14,0,8.55
24.5,47.89949151829562,Rain,1,0.95,Standard,0.19181795847720284,5,0,5.58
23.7,60.752667696310084,Clear,7,3.4,Standard,1.8443601414131485,5,1,8.03
26.9,45.881149451035334,Clear,4,2.77,Standard,0.0,10,1,4.33
45.5,39.71206925507066,Clear,5,1.24,Standard,0.0,12,0,6.59
15.5,49.874344687179665,Clear,6,2.12,Standard,0.45818454930195585,5,1,5.33
29.3,46.02222663051463,Clear,6,3.3,Standard,0.9343956520355873,8,1,7.62
41.8,46.921531579069935,Clear,3,2.16,Standard,1.9145575515541424,11,0,7.85
33.4,75.97589352043892,Clear,4,5.74,Standard,0.6703138595487493,10,1,7.44
5.3,50.42613782736002,Storm,2,2.75,Standard,0.3742325963548226,2,0,6.08
36.4,43.06767989896243,Clear,1,2.02,Standard,1.017972956387499,10,0,6.51
33.6,55.50541793286383,Storm,2,3.43,Standard,1.1287175383060806,8,0,10.15
50.0,56.87610290431134,Clear,2,3.72,Standard,1.1088678755191899,12,1,8.92
55.4,33.636137867306715,Clear,4,5.38,Express,0.6754096544340585,13,0,6.94
48.8,49.628687105370815,Clear,8,3.13,Standard,0.0,12,0,5.89
27.0,48.90368216622525,Clear,1,3.62,Express,0.15766880762556756,9,0,3.55
10.4,51.90140307324748,Clear,3,2.43,Standard,1.7941897596872236,5,0,4.05
23.6,68.05951071468374,Clear,7,7.68,Express,0.9309482565836199,4,1,5.87
26.5,57.460093680931884,Clear,2,3.9,Standard,0.5742345166250603,5,0,5.77
57.4,77.10287225293595,Rain,1,3.35,Express,1.5827179838617824,13,0,8.92
17.3,54.79011359400132,Rain,3,2.16,Standard,0.008918357341736183,8,0,5.75
12.3,86.96957104684115,Rain,7,5.82,Express,0.6422563064008947,3,0,5.65
20.6,46.706049752830246,Clear,2,0.88,Standard,0.8964308836218261,6,0,4.16
17.8,41.14787713902776,Clear,1,3.44,Standard,0.4910357476937596,5,0,4.13
11.7,64.85144814598553,Clear,7,1.94,Express,0.8705339760311191,4,0,4.07
24.8,79.55347487437032,Clear,4,5.05,Standard,0.6686142480047644,7,0,6.19
27.1,30.181540517465926,Clear,8,3.74,Express,0.0,10,0,4.31
11.3,51.45416833214233,Clear,6,3.39,Standard,0.9270345173153391,5,0,4.14
22.0,44.005924988454325,Clear,6,1.46,Standard,0.0,5,1,4.07
17.2,57.57131823385744,Clear,2,2.9,Express,0.9159305875677056,10,0,6.12
8.8,55.18032262298929,Clear,2,3.84,Standard,1.7618950769050765,4,1,6.54
27.5,79.21686245729897,Rain,7,5.38,Standard,0.6032837619067619,7,0,6.25
28.9,53.0487137282539,Rain,1,4.16,Express,0.0,10,0,3.35
17.2,79.74611378146412,Storm,6,5.05,Express,0.7111085307565137,5,0,6.99
43.8,49.32819395166366,Rain,2,1.08,Express,0.21762022434502815,13,0,6.65
26.2,71.6766737518939,Clear,3,3.34,Standard,1.2161563018420287,6,0,5.67
17.6,59.115934506460945,Rain,2,5.52,Standard,0.6964078767340025,8,1,7.56
10.9,86.137937176302,Rain,6,0.54,Standard,1.9968342761652014,4,0,6.7
29.7,28.413732469340292,Clear,5,2.6,Standard,1.6140927169741368,10,0,6.25
33.5,34.050561080323156,Clear,8,3.87,Express,0.6928436468630181,12,0,6.14
20.0,87.96920112385095,Storm,6,5.98,Standard,1.3009263475811634,4,1,8.87
28.0,41.80122831724563,Clear,3,3.24,Standard,0.5247345135860082,10,1,5.68
55.4,42.94353955463449,Rain,1,3.0,Standard,0.8237698196156178,11,0,8.54
40.4,39.23697546100262,Clear,3,3.65,Standard,0.5469960625547814,9,0,5.98
7.4,75.67202721760702,Clear,5,3.89,Express,1.3365191718947962,2,0,5.53
17.5,32.437762961947755,Clear,5,1.65,Standard,1.8030917936967046,6,1,6.34
24.2,55.404107420997896,Clear,2,2.16,Standard,1.3590537450338003,7,1,6.6
27.0,50.21880720795032,Rain,2,0.77,Express,1.4453556208997491,7,1,5.99
28.3,73.65728050307982,Storm,6,1.94,Standard,1.4461234060650106,8,0,9.52
32.5,44.85371207803039,Clear,4,1.39,Standard,1.185879145634297,9,0,5.74
24.6,62.474906424038934,Clear,8,1.64,Standard,0.0024996885528125734,8,1,5.64
26.2,33.91810887920914,Rain,3,10.2,Standard,1.9906800635915498,9,0,7.96
41.4,95.93093869618961,Clear,6,5.77,Standard,2.063087578688897,13,1,10.98
30.0,50.68733815623324,Clear,4,1.41,Express,0.6362842776806421,8,0,4.6
13.7,55.15774272793661,Clear,6,1.17,Standard,0.5405114593486727,4,0,5.49
27.4,84.78557845930976,Rain,8,2.02,Standard,1.2286881570407626,8,0,9.47
24.2,44.43989006250623,Rain,8,1.14,Express,1.1855689846284534,5,1,6.38
8.7,85.0128821728951,Clear,5,3.59,Express,0.6586377518728869,3,0,3.77
28.2,47.59351886551671,Clear,2,3.55,Standard,0.0,9,0,4.13
14.6,67.09056730878267,Storm,2,1.62,Standard,1.013990833524844,5,0,7.5
41.7,44.69173047713262,Rain,8,4.65,Standard,1.1860055767228816,9,0,8.45
32.2,30.59134398739478,Clear,6,4.66,Standard,1.3080748036271581,6,0,6.62
13.3,62.46269830973108,Clear,8,1.88,Standard,1.0445049406479452,5,0,6.33
40.8,66.5182612177036,Rain,2,1.58,Standard,0.6102193961466635,12,0,6.77
50.4,31.314056638127703,Clear,1,2.28,Standard,1.4958014276543947,14,1,7.36
22.7,49.472950259643184,Clear,6,4.3,Standard,0.8460939482961429,7,1,5.95
24.2,76.61366130766433,Clear,5,9.67,Standard,0.47455388994469566,10,0,7.69
38.8,65.80214111433898,Clear,7,4.23,Standard,0.6735426325679954,10,1,7.98
48.5,47.886129967887086,Clear,6,1.33,Standard,0.0,11,0,5.45
10.0,44.2445373705798,Clear,6,3.71,Standard,0.6724307230750228,1,1,4.9
14.1,90.06839785242597,Rain,2,3.25,Standard,1.281905563912268,4,1,5.95
20.8,28.955222743548553,Clear,5,3.12,Standard,1.037848115497461,7,0,4.43
22.0,53.934425660645154,Clear,6,1.16,Standard,1.8644649210868303,9,0,6.28
38.2,28.635456273509003,Clear,2,3.71,Standard,0.6159175601890071,8,0,5.16
48.7,78.66666360719707,Storm,8,2.96,Standard,1.1411192141373212,12,1,11.77
50.5,54.87177498024994,Rain,3,1.29,Express,1.3549181234140404,14,0,8.04
9.9,58.20713352584983,Clear,5,8.18,Express,2.4399999058011854,4,0,7.36
16.7,100.0,Rain,4,1.19,Standard,0.9013358437823483,2,0,5.66
12.9,44.31749183674492,Clear,1,4.02,Express,0.0690689747951837,5,1,3.04
18.8,86.4743664530536,Storm,4,2.72,Standard,1.3935501273486972,7,1,9.79
16.6,47.96682554065261,Clear,7,2.37,Standard,2.10600914917792,4,0,5.83
32.2,50.79677576347183,Rain,8,6.43,Express,0.574215902841365,8,1,8.19
34.2,100.0,Clear,5,5.33,Standard,1.388757077024491,7,1,8.72
26.0,52.10037320928988,Clear,6,2.73,Standard,1.660109638660244,3,1,4.64
24.8,30.261314722685537,Storm,2,1.69,Standard,1.5119458807791073,9,0,8.6
21.3,60.07453818627362,Clear,7,2.19,Standard,0.8878909657315046,6,0,6.05
22.6,51.89073714699393,Clear,5,2.48,Standard,0.3110683692507978,9,0,5.68
55.1,61.607725151209486,Clear,1,5.39,Standard,0.74310431639049,14,0,6.73
36.7,52.59523972010015,Rain,5,3.83,Standard,1.1210203177143416,9,0,7.21
21.7,94.87980309168576,Clear,7,5.5,Standard,1.4357557668642102,6,0,6.72
24.5,65.02124509904684,Clear,2,1.13,Standard,1.0337615335993275,8,0,4.79
32.5,35.65063670093528,Storm,4,5.79,Express,0.5340644234215961,10,0,8.68
13.3,57.24184243642938,Clear,3,7.01,Express,1.1887657593048382,5,0,4.69
27.9,40.6066631649933,Clear,4,1.77,Standard,1.4020595474199742,9,0,5.91
35.7,50.54115083494683,Storm,2,4.97,Standard,1.0657270394901364,9,1,9.74
33.4,38.61206720979719,Clear,7,6.66,Express,0.21466901982317266,7,1,5.92
16.8,92.92813341770841,Clear,2,2.03,Standard,0.6730157756979671,5,0,2.44
18.5,42.55507692679201,Clear,8,1.38,Standard,1.4634745434887266,6,1,5.42
8.2,67.37615833589446,Rain,1,3.49,Standard,0.0,2,0,3.0
37.6,49.17737040622071,Clear,5,0.75,Express,0.0,8,1,4.9
67.1,34.14856289368978,Storm,8,5.74,Standard,1.8556579951008145,16,0,12.29
15.6,58.557687452191125,Rain,5,1.61,Standard,1.1579906785153158,5,0,5.82
44.3,62.21245306754272,Clear,4,2.55,Standard,1.2247110017640745,11,0,5.87
64.0,65.05527758958125,Rain,7,4.66,Standard,0.046228118461060785,14,0,9.03
20.2,10.0,Clear,3,4.28,Standard,1.3162696444265767,8,0,5.96
24.5,32.772777153956355,Clear,3,4.57,Standard,0.992674081297855,9,0,6.68
29.5,72.23598494239393,Rain,1,1.77,Standard,0.0,6,0,6.03
32.9,38.375074673041745,Storm,2,3.69,Standard,1.7969983899917001,8,1,8.33
30.4,58.652992905582,Clear,1,5.15,Standard,0.9110783265331103,9,0,7.22
21.0,32.355555485881865,Clear,5,1.99,Express,0.5227412237445119,7,0,4.05
35.4,68.16881983885192,Clear,6,8.55,Express,0.5354071778103477,9,0,6.37
21.3,71.76285272792033,Clear,6,2.62,Standard,0.0,5,1,3.55
31.4,68.1743783111026,Clear,6,0.71,Standard,1.2153356197419545,7,0,6.88
25.5,73.58602262236475,Clear,2,2.61,Standard,0.9833000450720077,6,0,5.17
9.3,83.15020260819159,Rain,1,6.6,Standard,0.6641439073668336,4,0,6.13
47.6,33.86666563103846,Clear,8,1.54,Standard,1.6949396452161705,14,0,8.12
18.8,40.80390523927547,Clear,7,1.46,Standard,0.0,5,0,4.9
50.0,71.1557842654683,Rain,4,3.88,Standard,0.3822592665426694,10,0,7.99
43.4,75.34395589307466,Rain,5,1.37,Standard,0.20499422166772996,11,0,7.35
29.1,42.861826835705344,Clear,6,1.33,Express,0.6048435141599129,9,0,5.61
33.7,41.610050824139485,Clear,7,1.68,Standard,0.8472290176800561,7,0,5.21
35.8,43.2601571812509,Clear,3,7.68,Standard,1.1010094666679484,11,0,7.95
23.4,26.10829064720897,Clear,8,4.16,Standard,0.557118582826418,6,0,4.82
23.9,32.11459872086664,Clear,1,3.13,Express,0.18585098539157452,6,1,2.84
34.9,32.54873238945724,Rain,5,1.76,Express,1.980204864839311,7,0,6.59
25.7,49.7062274714986,Clear,5,5.11,Standard,2.488148134251998,8,1,8.64
21.1,59.87505728501118,Clear,3,4.43,Standard,0.9003006703174178,6,0,6.46
17.0,62.802510969562704,Clear,8,8.02,Standard,0.27025374308539307,6,0,6.8
31.9,45.84587944103774,Clear,3,1.53,Standard,1.8328178917296059,7,1,6.6
18.4,46.288231906944176,Clear,3,1.4,Standard,0.0,5,0,2.75
39.7,57.22590691272271,Storm,6,0.72,Standard,0.5656586727066207,9,0,7.98
41.4,28.071737971310313,Clear,8,4.22,Standard,0.31271806405758884,10,0,5.36
33.6,72.2699295774956,Clear,6,3.53,Express,0.0,8,0,4.71
37.2,78.13693502225688,Clear,1,2.31,Standard,0.6039830369547614,7,1,6.19
33.7,43.73954852161528,Storm,3,0.71,Standard,0.19507954457822463,13,0,8.06
38.6,47.82814913172198,Clear,4,7.09,Standard,0.8088581249040582,8,0,5.24
37.7,77.37962004721305,Clear,5,3.41,Express,0.8190240173707248,10,1,6.1
31.0,52.78507136218181,Rain,8,6.23,Standard,0.36506779353461455,6,1,6.91
43.7,65.58841802712934,Clear,3,6.6,Express,0.5406406503842913,8,1,7.55
23.8,53.33850291158607,Clear,8,4.14,Standard,0.6384057224674027,7,0,4.85
17.3,83.01353299264494,Clear,5,4.54,Express,1.366892242783599,6,0,5.57
16.8,63.82143330852692,Clear,2,1.95,Express,0.6960994192550701,7,1,4.17
22.0,64.85780389454546,Clear,7,3.23,Standard,1.3772912185502681,7,1,7.57
8.7,65.19351769720456,Rain,2,5.59,Express,1.210069088488259,4,1,6.01
28.9,45.00795274610118,Clear,3,1.68,Standard,1.2000714878305194,6,1,6.0
36.1,46.661695535394365,Clear,5,5.35,Standard,1.7714921792421814,11,0,7.41
41.1,68.84642151207954,Clear,7,5.13,Standard,0.01642638417786324,12,0,5.6
10.3,57.27543092980512,Clear,2,5.05,Standard,0.4687718255850205,2,1,4.61
17.1,33.80300185938809,Clear,3,3.09,Express,2.0343091602096983,5,0,5.03
39.1,88.71587964324604,Storm,5,1.78,Express,0.6198784495875128,10,0,6.96
23.4,72.6052936113478,Clear,3,8.52,Standard,0.0,6,0,4.71
35.7,55.67727382921034,Rain,6,6.82,Standard,0.6579221597964803,10,1,8.67
12.9,50.07698232760063,Clear,5,3.13,Standard,0.8944576711142749,6,0,4.99
49.7,58.57616543554149,Clear,2,3.53,Standard,0.0,12,0,5.83
12.4,64.3153617848337,Clear,3,2.51,Standard,1.7337549479215637,4,0,4.86
4.5,18.405986757939147,Clear,8,0.76,Express,0.3004012752940786,5,0,1.0
28.5,93.02229477074357,Clear,2,2.83,Standard,1.029994180631261,9,0,7.6
28.9,40.782082434995445,Clear,3,4.17,Standard,0.6418129182591564,8,0,4.49
19.9,54.96569860620237,Rain,8,2.03,Express,0.0,4,1,5.03
33.0,55.62760389002463,Clear,8,2.42,Standard,0.050644305755206176,9,1,6.05
33.5,90.94330393639933,Clear,1,2.41,Standard,0.14544201450071725,10,1,7.36
31.7,53.4137708618795,Clear,8,3.26,Standard,1.5599703364285467,4,0,5.93
19.7,83.59313129836532,Clear,2,2.58,Standard,0.6967232683298937,6,0,5.23
17.8,62.32109445030005,Clear,2,1.62,Express,0.4346941384137774,5,0,1.96
20.8,37.686072480292914,Clear,4,3.25,Standard,0.14577376118683816,6,0,2.69
16.5,57.42473442585048,Clear,7,4.03,Standard,1.6373051550682884,4,0,6.34
44.7,52.86684300913158,Rain,6,3.45,Standard,1.824940890766511,11,1,8.27
21.8,35.486731271723876,Rain,2,0.71,Standard,1.6293207290946765,8,0,5.99
28.1,61.43900985050035,Clear,5,4.52,Express,1.1447061374079166,7,0,6.26
39.0,55.39784949729741,Clear,7,1.29,Express,1.002881029309498,11,1,6.97
16.1,65.01559069825373,Rain,8,3.99,Express,0.0,4,0,3.95
12.1,58.480350032769664,Clear,3,4.1,Standard,0.6279266113022598,6,1,3.9
16.5,43.28014785374673,Clear,1,0.96,Standard,0.32129785765749447,5,1,4.29
29.7,68.83001186122567,Clear,5,5.24,Standard,0.0,8,0,6.73
28.7,43.76083095543558,Clear,7,8.47,Standard,1.539930393415756,8,0,7.0
31.6,10.0,Clear,5,2.47,Standard,0.3129190375254074,9,1,4.6
24.6,57.315753063175904,Clear,5,3.99,Standard,1.637159335204715,3,0,5.66
6.2,45.02667290978819,Clear,5,2.19,Express,1.4172224805320086,1,0,3.56
24.2,61.878349079139426,Clear,7,1.28,Standard,1.1897025836433932,7,1,7.24
41.7,90.97969124691485,Rain,1,5.55,Standard,1.2290188502342287,7,0,7.6
47.1,91.49931447666503,Clear,8,4.05,Standard,0.3692802825484047,11,0,6.72
27.2,52.027787400006886,Clear,4,1.86,Standard,2.100495105903465,7,0,8.33
28.7,40.122726917571,Clear,6,1.32,Standard,0.8301878016671345,6,1,5.49
35.3,65.52429907452259,Rain,8,8.75,Standard,1.0113521795830929,8,0,8.95
46.4,48.33593934640562,Rain,2,1.08,Standard,0.34564656650335274,12,0,6.49
25.9,62.051977402244965,Clear,7,4.42,Standard,0.14818431745612815,9,0,6.04
35.1,43.10450627991662,Clear,5,3.38,Express,1.1341072061665962,8,0,6.18
19.3,59.51246348840954,Rain,8,4.89,Standard,0.9522594471571498,5,1,7.38
13.1,40.38446525871743,Rain,2,7.36,Standard,0.24745334386819595,4,1,6.92
20.3,76.31656148856639,Clear,7,0.38,Standard,0.0,2,0,3.66
51.8,44.380401566452974,Clear,2,1.43,Standard,0.0,13,0,5.98
35.4,66.89984564322944,Clear,5,2.77,Express,1.637293601963775,10,0,6.71
13.7,32.23418890266066,Rain,4,7.72,Standard,0.37072232974494995,6,0,5.93
36.3,69.06112941899244,Clear,7,2.26,Standard,0.5627640180269164,8,0,6.45
14.3,37.605086753172394,Clear,2,1.97,Express,1.8152381811313434,3,0,2.84
31.4,59.701182525541164,Rain,3,0.52,Standard,0.01449460695950977,8,0,5.79
15.8,73.41761752026376,Rain,2,1.83,Standard,0.2911036219980604,6,0,4.86
13.3,51.400307825977976,Storm,6,4.32,Standard,0.26186322000751494,5,1,6.59
56.2,36.4749956065732,Storm,5,2.79,Standard,1.9326479368162277,14,1,11.54
21.8,63.942625128446586,Clear,1,1.8,Express,2.1953684504076896,8,0,4.84
35.1,39.86233481824213,Clear,2,8.82,Standard,1.3260942577815196,8,0,6.38
26.5,47.723579214449884,Clear,4,2.46,Standard,1.3483693069079679,7,1,4.36
14.9,59.77832787092309,Rain,3,3.26,Standard,0.3937514980030883,7,1,7.22
23.0,79.49216864993869,Clear,3,1.72,Standard,2.163129940832998,6,0,7.1
14.9,55.47796036839044,Storm,1,1.27,Standard,0.9873873780510634,3,0,6.14
76.6,55.411435177212226,Clear,8,4.69,Standard,1.3971771851148178,16,1,10.56
38.3,68.27523208521133,Rain,6,0.83,Standard,0.7261325428603321,8,0,4.94
26.2,55.90669414011394,Clear,1,4.09,Standard,0.6123771888706726,8,0,4.84
34.2,66.43954359699217,Clear,6,3.72,Express,1.9641295817172821,7,0,7.22
37.1,74.41360382913305,Rain,2,1.37,Standard,1.177806575816815,10,0,8.32
37.1,49.10073129517601,Clear,5,1.59,Standard,1.8159628227492672,8,0,7.42
36.3,10.0,Rain,4,2.48,Standard,0.9787297202215312,6,1,6.71
34.9,40.27731231546161,Clear,3,1.2,Express,0.2061434245038366,9,1,5.51
27.3,76.75627619503545,Rain,1,0.67,Express,0.3916599469850585,8,0,4.74
54.0,54.392233934842224,Clear,4,2.65,Express,0.8720756697252274,14,0,7.76
28.2,48.895655123297814,Clear,6,4.84,Standard,0.36144984876967134,7,0,5.25
26.6,76.00212987765774,Rain,5,3.49,Express,0.02477701396061671,6,0,4.49
28.4,53.176151507861874,Clear,3,5.97,Standard,1.6409919222509173,8,0,6.23
29.4,17.334402296515194,Clear,3,2.27,Standard,0.41859095042354155,10,1,4.45
10.4,27.90456290184982,Clear,6,3.07,Standard,0.8967349234539244,4,0,4.53
16.4,62.535664374704304,Clear,5,1.59,Express,1.0072935129199234,6,0,3.53
24.6,53.795963051294926,Clear,3,3.16,Express,0.388292812275602,6,0,3.11
10.1,81.18381661892599,Rain,5,5.77,Express,1.8155596264161176,2,0,6.6
26.2,41.80116369152482,Clear,3,4.16,Express,0.018000767156771125,9,0,4.18
29.2,49.4289862839317,Clear,2,6.29,Standard,0.9831376845065396,9,0,7.12
12.7,39.07894468491964,Clear,6,3.62,Standard,0.9722823944636085,6,0,5.16
18.6,45.62930480175185,Clear,5,2.8,Standard,0.7620217779950965,5,0,4.1
48.0,20.94572977743477,Clear,4,7.41,Express,0.0,12,0,5.82
34.3,48.05767604709043,Storm,8,3.25,Standard,1.4095722863044249,10,0,9.43
33.4,54.066360452141765,Rain,2,8.42,Express,1.3204574692342177,11,0,6.99
45.1,52.54604483561769,Clear,7,5.31,Standard,0.3271020299861487,13,1,7.05
16.6,93.69195874719057,Clear,4,1.85,Standard,1.2952410450437533,5,0,5.19
12.8,88.00272238918566,Rain,6,2.61,Standard,1.062435380410543,3,0,7.64
42.1,41.48380952270046,Clear,3,7.37,Standard,0.0,11,0,6.19
24.9,18.20913949625327,Clear,7,5.97,Express,0.2022497598000499,7,0,4.95
16.4,53.21439364723198,Clear,4,4.8,Standard,1.5967970114227055,6,1,6.06
10.3,61.77718248707117,Clear,2,4.47,Standard,1.0165913295994353,6,0,5.6
28.5,39.51128667910896,Storm,7,1.11,Standard,0.40498793793256177,8,1,8.33
23.5,40.40243858933699,Rain,7,1.32,Standard,0.19906687617915064,10,0,6.38
21.4,83.48598944762558,Clear,5,3.51,Standard,0.43922434131920546,4,0,5.47
7.1,50.364071719384526,Clear,1,1.61,Standard,0.4888643290856069,4,1,4.72
53.6,66.92050334252329,Rain,4,2.49,Express,0.20782587715952394,12,0,7.4
11.5,38.25449743861999,Rain,1,2.37,Standard,0.0,1,0,4.68
22.5,53.97507174295372,Clear,6,4.33,Standard,1.5980093004805498,6,1,5.62
20.6,48.94590963457877,Clear,4,3.6,Standard,1.4794435708280103,4,1,6.25
34.9,42.84328170154082,Clear,4,5.69,Standard,0.0,9,0,5.88
10.4,75.79540740739047,Rain,5,3.64,Standard,0.8954179068945674,4,0,5.11
32.8,30.000213826605748,Rain,3,3.46,Standard,0.16843325809966347,10,0,6.46
28.6,60.40102285920321,Clear,2,3.0,Standard,0.6169029437414253,5,0,4.01
18.1,48.60781020117102,Rain,2,6.24,Standard,0.5586633940884405,7,0,5.51
32.2,62.46684067664574,Clear,2,3.02,Standard,0.5005160489974894,9,1,4.73
26.2,48.85162062006957,Clear,8,1.81,Express,2.2020629588534,9,0,7.39
60.1,70.60947511454091,Clear,6,4.61,Express,0.49177202072666676,13,1,7.91
23.4,38.08535323146127,Clear,7,2.78,Standard,0.2342153224531528,5,0,6.04
15.3,75.83595745015562,Clear,3,5.27,Standard,0.26619299935206653,3,0,5.17
32.9,54.481551495860415,Clear,1,6.66,Standard,1.5306438694812288,7,1,7.83
21.9,31.086954477727776,Clear,2,2.61,Standard,0.0,7,0,3.34
25.9,67.24387820625083,Clear,8,6.51,Express,0.26616395849513597,9,0,4.66
12.8,51.42070461668228,Clear,1,5.35,Express,1.8127759880780738,4,0,5.01
35.1,24.258917329488206,Clear,3,2.04,Standard,0.9707903315983528,10,0,5.64
20.1,60.984425507659665,Clear,6,1.63,Standard,0.9343454035252793,4,0,3.94
29.7,73.1187228749986,Clear,3,1.54,Standard,2.292502522100591,8,0,6.13
67.8,78.07844332648236,Clear,5,1.29,Standard,0.9724435670639492,17,0,8.61
22.7,48.189666113204204,Rain,7,6.12,Express,0.3042696870482924,4,0,6.48
37.6,57.61572499586328,Rain,2,2.64,Standard,0.602546060186556,9,1,9.03
23.6,55.909654170272404,Rain,6,1.87,Standard,0.005197383678602008,8,0,5.69
18.2,81.81644736828436,Clear,5,2.13,Standard,1.6791559280109878,1,0,5.72
48.9,40.411205517280294,Clear,2,4.2,Standard,1.2021932022757007,14,0,7.51
8.8,46.63612986031825,Rain,3,7.81,Standard,1.5870899049796223,4,1,6.29
42.5,39.97503442990349,Clear,3,2.06,Standard,1.6490887499845595,12,1,8.84
8.3,28.915290583968034,Clear,8,4.98,Standard,0.5100524533507272,3,1,5.84
40.3,59.460169258937476,Clear,4,3.01,Standard,0.1386730035937772,7,0,5.01
26.1,83.82336997199658,Rain,4,4.23,Express,0.763800822084368,8,0,6.24
15.3,51.4272797467289,Clear,3,1.7,Standard,0.1890672504480233,5,0,3.31
20.9,39.12586081222358,Rain,3,4.65,Express,0.9154698127863173,6,1,5.3
36.5,58.36347464017723,Rain,1,2.5,Standard,1.5924678165842825,11,1,9.34
64.5,65.6041272179078,Clear,8,2.2,Standard,0.682302247765583,16,1,8.43
10.6,52.185463526141696,Rain,7,2.93,Express,0.9049965629354174,7,0,5.25
15.8,80.26363597517519,Clear,1,4.39,Standard,0.7343080686436435,5,0,5.61
12.2,40.3774859028246,Rain,7,2.69,Express,1.3619093007063885,3,0,4.61
23.5,49.834546542777474,Clear,5,2.21,Standard,0.33255232399819706,6,1,5.76
40.8,60.327782287173314,Rain,4,2.75,Standard,0.0,11,0,7.03
11.4,62.07334754712089,Clear,4,2.71,Standard,1.1296082015627666,6,1,6.36
25.8,55.8501056613669,Storm,8,4.17,Express,1.4914840949155956,5,0,6.61
40.2,31.988441397571332,Clear,3,2.31,Express,1.112461971330975,10,0,5.14
20.7,97.08420527571394,Clear,3,2.27,Standard,0.3518386531723903,9,0,5.46
28.7,50.7525415291702,Rain,5,1.71,Standard,0.00549153126975177,7,0,3.49
47.1,56.98481533452382,Rain,6,4.34,Standard,1.146148272246225,13,0,8.22
14.3,66.10169967711364,Clear,6,3.29,Express,0.8990352670542716,6,0,3.71
9.3,43.54290347230847,Clear,8,6.21,Standard,0.7119451606391692,5,0,5.63
30.5,56.02467557567397,Clear,6,5.72,Express,2.0757243400956535,7,0,6.23
31.0,42.8105757222407,Storm,4,3.51,Standard,0.1372399340730679,7,1,7.04
19.9,62.47991334653616,Rain,1,2.81,Standard,2.042525914789226,6,1,8.13
17.9,50.03159232599975,Rain,6,3.02,Standard,0.822248733409448,3,0,4.33
26.4,59.83693349148403,Clear,2,1.96,Express,0.0,7,0,1.98
14.1,36.16232776325917,Clear,8,1.73,Standard,0.6745581419766015,5,0,3.93
14.1,40.0795041878883,Clear,5,1.56,Express,1.4716472536196088,7,1,3.55
36.4,30.427467816577565,Rain,6,2.66,Standard,0.5444614770365206,10,0,5.65
13.6,42.21045857212826,Clear,2,0.42,Standard,0.0,6,0,3.44
9.6,10.0,Rain,6,7.63,Standard,0.684839827742681,6,1,6.57
17.9,49.47219629761912,Clear,1,1.44,Express,0.19997933827580605,4,0,3.14
20.2,45.383675104667326,Clear,1,8.92,Express,1.1442700807615738,6,1,6.46
32.8,57.71639734525125,Clear,6,1.45,Standard,1.341379871247328,12,0,7.85
18.8,55.80293903981721,Clear,8,3.03,Standard,0.06061071457632572,6,0,2.96
51.1,77.62743583265927,Clear,8,3.87,Standard,0.30593716141904537,14,0,8.42
27.1,100.0,Clear,2,3.21,Standard,1.3296497255748565,9,1,7.09
16.6,75.47570223671143,Clear,5,2.06,Express,0.19880900519072864,3,1,3.19
32.1,46.84406339124842,Rain,2,1.99,Standard,0.04248930492040359,9,0,6.12
50.6,46.11896650522198,Clear,5,5.01,Standard,0.0,12,0,5.61
35.9,70.63593476240287,Clear,6,6.33,Standard,1.0464270290706843,10,0,6.35
11.0,24.699795497689017,Clear,5,0.78,Standard,1.016410403662225,3,1,4.49
21.1,49.32634732905738,Clear,3,3.55,Standard,0.3211677787346709,5,0,4.76
29.5,50.713247169210554,Rain,4,4.42,Standard,0.8035597772897639,7,1,7.35
35.2,65.51436672673861,Clear,7,3.39,Standard,1.8689926689085914,9,0,7.12
23.5,66.04959423053404,Rain,4,1.08,Standard,0.11815789015724487,8,0,6.08
21.9,41.597910272925475,Clear,1,4.2,Express,0.0,9,0,4.03
59.9,47.54129208930669,Clear,3,5.8,Standard,1.1185529030042594,16,0,9.09
36.2,63.01187658698872,Clear,4,1.69,Standard,0.7227191852688881,11,1,5.96
32.1,40.619428193462234,Clear,6,2.04,Express,0.30298243922942913,7,0,3.82
19.2,76.7101318259371,Clear,5,3.43,Express,1.2564561661484355,5,0,5.59
14.0,65.96515420192434,Rain,5,2.86,Express,1.387457601268153,5,0,6.41
32.4,58.08717186750718,Clear,2,2.05,Express,0.0,8,0,3.72
38.2,62.03693076905655,Clear,2,1.27,Standard,0.34318146346795825,11,1,6.13
25.9,46.5959688950656,Clear,8,2.17,Standard,2.4222613618377986,8,0,7.1
36.2,43.726754400622866,Clear,5,0.58,Standard,1.2083834410587335,10,1,6.95
36.7,47.355000109503024,Clear,8,4.47,Standard,1.2732725468080048,11,1,7.52
39.5,63.99940046067729,Clear,6,1.83,Express,1.621025995042035,9,1,4.81
10.9,58.618269652755764,Clear,5,4.93,Standard,0.8119481776398083,6,1,6.42
21.4,47.39113972553122,Clear,2,2.58,Standard,1.357678912064134,5,0,6.51
33.4,68.49247137953779,Rain,4,3.3,Express,1.3026434306860417,7,1,6.72
26.6,51.868964397949235,Rain,8,0.89,Standard,1.1773290477269311,8,0,5.98
36.8,42.52040657939497,Clear,8,4.68,Express,0.5745916205678169,11,0,5.71
32.1,59.57814716737337,Clear,1,12.27,Standard,0.9204412456563812,9,1,8.04
7.4,36.765468790788915,Storm,2,2.32,Standard,0.38814690498525534,4,0,6.01
44.2,24.62997250115738,Clear,6,3.26,Express,0.8089700131965465,11,1,6.26
20.0,54.90811763982525,Clear,8,3.53,Standard,0.0,6,1,4.54
16.1,43.16655171320409,Clear,4,1.15,Express,0.24656320610893334,4,1,2.08
43.5,50.42522165194271,Clear,4,1.39,Standard,0.6023815706525494,9,0,6.75
35.3,37.5988074733999,Clear,4,4.25,Standard,0.13940619799894682,9,0,5.92
46.6,76.76077851464626,Storm,3,1.69,Express,0.44648791047837655,11,0,8.9
29.7,43.09313060929351,Rain,3,2.57,Standard,0.6852518162711388,8,1,5.98
21.3,47.224011192925424,Rain,7,3.3,Standard,1.0815836412650641,7,0,7.93
27.9,61.801898816498216,Rain,4,4.35,Standard,1.4644801112970365,7,0,6.2
14.6,30.220942630191708,Clear,8,2.66,Express,0.47535094003532447,6,0,3.84
12.1,28.890104081523322,Clear,6,2.71,Standard,1.7345732320880367,4,0,3.49
18.4,61.85715104248143,Rain,5,11.1,Express,1.4570277550378452,8,0,6.9
53.6,46.99094265168095,Storm,6,5.43,Standard,1.1528656823607593,13,0,11.88
19.4,38.77308807590519,Clear,3,2.37,Standard,0.9075543905076333,9,0,5.59
9.7,65.86071711305176,Storm,2,2.73,Express,1.023384589307979,4,1,5.81
23.9,40.38541013605612,Clear,8,8.6,Standard,1.6309358054664673,6,0,6.74
19.3,50.05877860811936,Clear,7,4.36,Standard,1.6565057618314916,5,0,6.19
44.6,38.86965157649477,Clear,3,5.88,Express,1.7344627098685503,9,0,7.3
51.7,60.461869352496834,Clear,5,2.33,Express,0.8289287823139022,11,1,7.99
20.8,78.97737146890194,Clear,1,2.14,Standard,1.1884770154990292,5,0,5.03
29.6,21.501281272021934,Clear,7,7.33,Standard,1.7404825546354359,9,0,6.06
30.9,57.02783839751162,Clear,3,2.87,Express,0.3633987755585252,7,0,4.45
25.3,70.4185919539543,Clear,6,2.84,Express,0.5771082023971874,7,0,4.37
23.0,47.413400548496085,Clear,7,2.22,Express,0.8112256641094349,9,0,3.64
15.6,34.64123726267407,Storm,8,5.73,Standard,1.4297191165855847,5,0,8.16
8.9,62.577343488293266,Clear,6,3.42,Express,1.4406205055030359,7,1,4.98
15.5,73.0297630607878,Clear,4,1.33,Standard,0.6383951221614453,3,0,4.5
24.8,71.02939919761843,Clear,4,2.05,Standard,0.0,7,0,4.05
11.4,61.58636808246689,Clear,4,6.5,Standard,0.9723287610071771,3,0,5.47
28.9,56.762447276955555,Rain,7,3.47,Standard,0.15717870387011923,9,0,5.5
26.9,38.817774003082576,Clear,1,5.77,Standard,0.0,4,1,4.21
19.3,70.57440910619096,Rain,5,3.9,Standard,0.0,4,0,5.18
22.4,69.57922264034514,Clear,8,1.46,Standard,1.0284667054918923,6,1,7.49
12.5,34.5149502642052,Clear,7,4.17,Standard,1.752726152652965,7,1,6.85
39.1,61.56063510123684,Clear,2,2.92,Standard,0.8272261613653707,10,0,7.33
38.8,66.75082975935614,Clear,8,2.09,Standard,0.9479664582521753,8,1,8.37
13.6,70.87804789735912,Clear,6,2.22,Standard,1.6280264572145478,3,0,8.14
13.8,53.65018685571003,Clear,6,5.68,Standard,0.0,7,0,4.65
15.6,39.56378366536941,Clear,7,3.55,Standard,1.1641234951201902,4,0,6.03
34.2,45.96190876244719,Clear,7,3.38,Standard,0.7918871509768252,7,0,6.82
30.9,36.86950254779269,Storm,5,7.79,Express,1.196240221182447,10,0,9.16
43.2,54.08090802793032,Clear,1,1.85,Express,0.46156126411732884,12,0,6.64
45.7,50.55606286176357,Clear,7,2.83,Express,0.22744389670146248,13,0,5.62
10.8,93.61065557383674,Clear,4,1.97,Standard,0.8983562329999238,3,0,4.39
33.6,71.10418856388637,Clear,5,4.12,Standard,1.9544339263341233,6,0,7.73
44.8,72.45186520400375,Clear,2,3.42,Standard,1.402637073179024,11,0,7.68
21.7,63.48434483489912,Rain,4,2.36,Express,0.444615060873936,7,0,5.15
25.6,48.388282359966674,Storm,2,2.56,Standard,0.0,8,0,7.78
23.7,50.04298074127467,Clear,3,5.33,Standard,0.0,9,0,4.68
24.2,51.69035260330083,Clear,2,6.2,Standard,1.721269616295337,4,0,6.06
39.0,58.38819890862041,Clear,4,2.05,Standard,0.13144239830492077,11,0,6.02
58.7,62.00505658402207,Clear,3,12.6,Express,0.5721406109035445,12,0,8.34
50.2,55.012755298249395,Clear,4,1.12,Express,1.7248477882543034,13,0,5.77
19.8,49.7692274078236,Clear,6,1.42,Express,0.0,5,1,3.04
29.7,44.305918651216274,Clear,4,2.49,Standard,1.844585156632541,7,0,6.95
16.9,29.932322359901434,Rain,3,1.78,Express,0.6224516822752487,4,0,4.76
17.8,78.10082497083972,Clear,2,1.63,Standard,0.0,3,0,2.88
25.0,94.69953222877746,Clear,6,6.11,Express,0.6268543509957608,7,0,4.91
17.5,76.58806205670851,Rain,1,4.22,Standard,0.2941822530189657,4,0,5.43
18.9,32.33681873324657,Clear,1,3.19,Standard,1.108573859234001,7,0,3.22
29.3,69.16629825353606,Rain,8,2.1,Standard,0.34630729627855567,9,0,6.42
33.4,73.4279734291747,Clear,1,1.47,Standard,0.0,11,0,4.07
32.9,47.73812142481556,Rain,1,1.42,Express,0.6456062259137074,9,1,6.81
33.1,63.80069031350252,Rain,5,6.09,Express,0.0,9,0,5.52
12.9,46.78654541459285,Clear,1,5.93,Standard,0.9430239187918239,7,0,6.27
17.1,82.52072190664732,Rain,3,2.53,Standard,0.0,4,1,6.39
26.5,61.576676599875654,Clear,7,1.06,Standard,0.45839103777953993,5,0,4.44
43.8,38.49120115532113,Storm,1,4.45,Express,0.9278114629500354,11,1,7.78
75.2,67.05654576416809,Clear,4,2.53,Standard,0.6512788924760115,15,0,8.97
30.3,74.05805212282445,Clear,7,5.47,Standard,0.9753011981007315,12,0,7.43
37.2,58.566369720445756,Clear,1,1.4,Standard,1.2762010160024297,12,0,6.96
12.2,63.62995045137883,Storm,7,3.18,Standard,0.0,8,1,6.58
36.7,53.74443827388164,Clear,2,1.31,Express,0.7549217215627045,9,0,5.43
64.9,34.582951843367795,Storm,3,1.82,Standard,0.0,16,1,10.13
17.0,52.268792348430864,Rain,3,1.79,Standard,0.9731333111777667,5,0,5.21
19.3,64.41471339334404,Clear,8,2.5,Express,0.5894301087376105,7,0,3.86
39.7,52.69551637630172,Rain,7,6.41,Standard,0.1115851655654202,8,1,7.73
26.3,69.41377768131264,Storm,8,3.29,Standard,1.021003595607567,3,0,7.45
8.5,47.94073189844349,Clear,6,4.92,Standard,1.6208883040295472,3,1,5.77
19.9,49.121365105885104,Clear,5,3.16,Standard,0.4667875766807399,4,0,4.51
51.6,69.96015996389028,Clear,4,2.27,Standard,0.13862985683079598,15,1,8.01
22.4,58.993345302454806,Clear,7,0.64,Express,0.9155176837070982,9,0,5.94
22.3,47.58901153919935,Clear,3,1.45,Express,0.0,4,0,2.61
38.4,73.60849676815523,Clear,8,3.0,Express,0.33773304062512266,12,1,7.3
30.9,42.6027570768905,Clear,2,3.35,Express,1.6556815131553515,10,0,5.91
21.7,41.91491873768772,Clear,1,5.48,Standard,0.8435254608686014,4,0,4.71
18.6,10.0,Clear,3,0.87,Standard,0.0,5,0,2.66
93.6,45.02856612560595,Rain,2,9.97,Standard,0.0,20,0,11.72
47.3,78.55690022060108,Rain,1,0.64,Express,0.9134599848527429,13,1,7.94
33.1,17.6987316488961,Clear,5,2.87,Standard,1.4036734031423812,7,0,5.13
34.2,37.86543747587409,Rain,3,2.0,Standard,0.0,9,0,4.59
24.3,62.903234006023055,Rain,8,1.47,Standard,1.114798825247556,6,0,7.15
30.7,14.592398069930901,Storm,3,7.49,Standard,1.7312404552428031,9,1,10.27
23.0,45.807424956824235,Clear,7,2.05,Standard,2.121501291571047,6,0,6.97
16.2,75.53553788099343,Clear,7,0.82,Express,1.0318559319019134,4,0,4.24
31.3,91.7744644332818,Storm,2,1.18,Standard,1.154761816186732,8,0,9.19
21.9,60.22443818200658,Storm,8,5.91,Express,0.0,9,0,7.46
32.1,38.32359367165989,Rain,6,1.22,Standard,2.2698267835971926,8,1,8.93
35.2,37.71768270433091,Rain,7,1.0,Express,0.3971568508327151,7,0,4.5
33.0,57.60834344795627,Clear,4,3.39,Express,0.1465701891024711,9,0,3.84
15.5,60.05733978097178,Clear,5,2.49,Express,0.6213557058922629,5,0,3.36
20.7,88.44271768104849,Clear,4,4.02,Standard,1.8581713899298018,4,1,7.15
22.2,72.47448734566966,Clear,3,2.28,Standard,2.345632233280484,10,0,7.09
41.9,56.51391678199283,Rain,4,4.73,Standard,0.8877860756330911,10,0,6.62
40.8,48.96626944133046,Clear,1,1.09,Standard,1.4986589208225587,10,0,7.94
17.6,100.0,Clear,5,0.95,Standard,0.8302428340798528,6,1,5.73
12.8,66.27870639992612,Storm,4,3.6,Express,0.0735431688872713,7,0,5.76
77.0,42.96246915560419,Clear,1,2.49,Standard,1.8337205695518035,15,0,10.65
32.3,50.9567873753534,Storm,2,2.19,Standard,0.36451076375052777,9,0,5.68
11.9,39.2058146799442,Storm,4,4.45,Standard,1.8748715413603176,8,0,7.68
19.1,11.718108534692988,Clear,5,10.85,Express,1.7089789308383585,6,1,5.9
42.7,60.62771784173181,Clear,1,0.96,Express,1.2298253847700458,9,0,5.4
67.4,87.08417589803166,Clear,4,6.56,Standard,2.080282329378047,15,1,11.58
61.8,25.649970359548526,Clear,2,4.57,Standard,2.362642223230017,15,0,10.64
31.6,55.99472672582232,Clear,4,2.13,Express,0.677329645924982,10,0,5.48
26.0,42.27571397552325,Clear,1,7.84,Standard,0.23384411710849817,7,0,6.02
14.8,64.38704546025734,Storm,4,1.18,Standard,0.0,6,1,6.51
27.1,51.898057178957814,Clear,5,3.93,Express,2.3712775788011795,5,0,5.1
15.8,30.51901622048318,Rain,3,2.64,Express,0.4922225937570853,3,1,2.48
20.8,37.340133148904755,Clear,8,2.13,Standard,1.5945257999712177,5,0,4.44
39.6,40.054590424284264,Clear,8,1.31,Standard,0.2811212427433618,12,0,6.32
22.9,79.19772774376975,Rain,1,13.56,Standard,1.8767859486384244,7,1,9.9
22.1,78.27866698474271,Clear,1,2.12,Standard,0.30991768572921075,7,1,5.13
25.3,49.39573803197145,Clear,1,0.47,Standard,0.0,7,0,3.56
82.9,77.10046180212424,Rain,1,5.06,Standard,0.6540454983323748,20,0,12.95
13.9,51.882690890868865,Rain,4,3.71,Standard,0.42775700932685395,4,0,4.43
29.9,49.12007034789663,Rain,5,2.47,Standard,1.2174098498228487,9,0,7.82
59.0,56.028121129921146,Clear,8,2.31,Standard,0.7640235509652336,13,0,8.18
25.2,60.12685501522545,Clear,2,2.84,Standard,1.239391676186345,10,0,6.08
46.8,45.00199372842997,Storm,8,5.08,Standard,0.5962849688402942,10,0,10.37
12.3,55.39358335928001,Storm,5,3.75,Standard,0.3344248402868364,3,0,7.29
23.3,69.17180510163742,Clear,1,4.16,Standard,0.3915076164727486,7,1,5.46
16.7,57.33171350570885,Rain,6,4.15,Standard,2.2314571586217182,5,0,8.06
25.1,55.77009223823776,Clear,4,5.23,Express,0.9576196525588552,8,0,5.49
25.4,63.89524385705431,Clear,6,6.21,Standard,0.0,7,1,6.04
26.7,67.00070909545497,Clear,4,1.85,Express,0.43585369058214335,6,0,4.29
39.5,53.872915264967396,Clear,1,3.39,Standard,0.8678062227331129,12,0,6.17
7.0,46.46474097259332,Clear,4,6.03,Standard,2.0917797768752653,5,0,5.64
18.7,58.405659462536235,Clear,1,1.84,Standard,1.5200891011229296,8,0,5.09
28.9,26.308652863180612,Clear,5,6.9,Standard,0.15479751446265955,7,1,6.43
8.7,51.214204080930614,Rain,7,1.82,Express,2.492849027500716,4,0,5.74
35.4,10.511921650343304,Rain,3,3.84,Express,0.7781877446389657,9,0,4.5
18.5,24.83574789814299,Clear,4,2.5,Express,1.6724308677524613,7,0,3.85
23.5,22.128654710499205,Rain,1,2.22,Standard,0.0,8,1,2.68
40.4,73.85233136415492,Clear,6,4.02,Standard,0.0,10,0,6.13
47.9,55.25167268744785,Clear,1,6.24,Standard,0.0,9,0,6.49
35.9,32.28311758210597,Rain,6,2.45,Standard,0.0,12,0,6.26
13.7,63.839188782016414,Clear,8,6.6,Standard,2.2784625290770357,6,0,8.76
35.0,72.79578062859733,Clear,4,1.78,Express,0.9501730432204912,8,0,5.87
36.2,64.15274001065272,Clear,2,6.3,Express,0.1527491870863782,10,0,5.84
32.7,51.60321768713345,Rain,6,3.22,Standard,1.1168368209860846,6,0,5.84
51.8,59.18475913154861,Clear,1,3.69,Standard,0.9325338253261162,14,0,7.55
27.1,71.22693759656917,Rain,4,1.28,Standard,1.2346533769297938,5,0,6.24
50.8,46.553574922072194,Clear,1,2.16,Standard,1.646671980795388,12,0,7.15
50.7,55.53760461864086,Rain,2,2.94,Standard,0.5970551928824893,13,1,7.98
36.7,50.370525197084234,Rain,3,5.81,Express,0.18411248572930927,11,0,4.91
30.2,25.958514652255257,Rain,7,2.59,Standard,1.3794426500603425,8,0,5.99
32.8,71.49822725159743,Clear,7,1.68,Standard,1.3616329445191262,10,0,7.72
57.5,92.03089356989219,Clear,2,3.49,Standard,0.8705150656849415,13,0,8.48
43.7,39.27169681765858,Rain,5,9.26,Standard,2.324287932076541,11,0,9.89
14.6,72.32824422795338,Clear,4,3.74,Express,0.4935245139968435,5,1,4.34
31.8,39.84411196429119,Clear,2,2.57,Standard,0.1700994198553123,8,0,5.64
16.3,57.390180671387164,Clear,3,3.51,Express,1.0926639992546212,3,1,4.41
18.2,82.14422092821599,Rain,1,1.59,Standard,0.3275435001605513,4,1,6.01
21.3,45.632098262942,Clear,4,7.16,Standard,1.146861566901427,7,0,5.5
11.7,54.735644540946275,Clear,8,7.09,Standard,0.21689422091239208,4,1,4.83
15.7,22.57294606285462,Clear,6,1.55,Standard,0.5198304019476803,5,0,3.96
53.3,43.04432180896784,Clear,2,6.98,Express,2.1235882940274156,12,0,9.76
18.1,20.687098203987297,Rain,8,3.53,Express,0.5160888502766249,4,0,5.26
39.6,62.72520615774997,Clear,8,4.63,Express,0.24080391918789268,9,0,6.19
28.3,69.96947606112839,Clear,3,2.98,Standard,1.6194751520945503,7,1,7.22
34.3,51.01057204172552,Rain,8,3.14,Express,0.0642706347993145,9,1,7.25
35.0,60.14596541062226,Rain,2,1.94,Express,0.31493973889705246,10,1,6.68
15.3,49.13685180549195,Clear,5,1.57,Standard,1.2035927843562961,5,0,3.04
39.4,68.32981658573985,Rain,7,1.51,Express,1.4568879967113042,8,0,6.41
13.0,57.33031483225358,Rain,7,5.92,Standard,1.6543334737567523,3,0,7.09
17.7,19.258059595535933,Rain,4,3.38,Standard,0.27694471744566074,9,0,3.72
34.8,71.91965472567077,Clear,1,1.62,Standard,1.217206071090284,7,0,5.51
14.8,47.988229697503236,Clear,3,3.2,Express,0.47372426031907433,4,0,2.57
8.3,32.13316951824872,Rain,2,0.85,Standard,0.37604105654255743,4,0,3.46
31.0,47.099188497807944,Rain,4,1.59,Standard,1.6422489476045996,9,0,7.12
10.6,20.762746326164084,Clear,2,6.29,Standard,0.4153119228982897,5,0,3.6
36.4,32.50199239769722,Clear,4,2.09,Standard,0.994743217214686,9,0,6.53
22.1,57.573092982077,Clear,7,5.81,Standard,0.9089056284614472,7,1,6.46
30.8,59.08081035413019,Clear,8,2.82,Standard,0.05047193656304827,8,0,5.18
30.5,60.515899016593025,Clear,5,4.65,Standard,1.4762649987494245,8,0,5.98
37.8,55.05777761974296,Clear,2,1.32,Express,1.1921966255752676,10,1,6.78
35.3,42.528427777503786,Rain,5,4.21,Express,0.0,11,1,5.73
14.7,54.019735489709824,Clear,6,0.53,Express,0.9941947778661403,5,1,3.29
22.8,47.13026595493807,Rain,6,2.22,Standard,0.2589185960833654,7,0,5.69
30.8,25.73593123464669,Clear,8,6.5,Standard,1.5679527144888394,10,0,6.71
51.3,41.09653016180941,Clear,7,3.07,Standard,0.0,14,1,7.01
35.4,71.01174216104243,Clear,3,1.54,Standard,0.5504661219593192,11,1,6.86
49.1,83.58929473698899,Clear,5,6.16,Express,1.053417185691926,9,0,7.25
31.6,66.7229507941364,Rain,4,9.96,Standard,0.8380382058993127,10,0,10.27
44.1,82.78655969786345,Rain,3,2.53,Express,1.33407077969978,12,0,7.88
29.5,56.53699498242925,Clear,2,0.9,Standard,0.0,7,0,4.82
43.2,86.3627695246457,Clear,2,3.1,Express,1.9563400358071645,11,0,6.12
21.5,91.98079192591445,Clear,4,4.83,Standard,1.16760126115179,8,0,6.06
54.3,23.797549035348617,Rain,1,2.62,Standard,1.7518027491006272,12,1,8.29
33.4,58.986879528390986,Rain,8,0.59,Standard,1.4119681184632693,9,0,6.87
11.7,56.55574340357576,Clear,1,4.52,Standard,0.7918729198814696,6,1,5.43
31.3,47.366131319486215,Rain,8,1.78,Standard,0.0,7,0,6.6
35.5,63.85447968672496,Rain,2,2.2,Standard,0.40551277312590944,9,0,6.85
40.1,55.740251235553785,Clear,8,0.93,Standard,1.9126943330038042,10,0,7.51
63.9,41.761919432943216,Clear,7,0.44,Express,1.7698064471594677,14,1,8.03
19.7,54.521108109334335,Rain,7,1.29,Standard,0.36628001392741705,5,0,6.11
64.1,76.68270242863102,Rain,4,2.07,Express,0.0,15,0,9.5
26.0,58.28568574388816,Clear,1,2.04,Standard,0.6511171859864169,8,1,5.69
17.3,66.28518546861038,Clear,5,7.37,Standard,0.5986079783096185,6,0,6.44
20.0,50.01304419497636,Clear,2,1.41,Standard,0.6251591715717317,5,1,4.95
34.4,63.13715218272907,Clear,6,5.5,Standard,1.169977441281981,10,1,8.49
16.0,33.23413845130276,Rain,5,3.3,Standard,1.4133488055251644,4,1,5.44
21.7,46.00503101044374,Clear,4,8.04,Standard,1.4932096829696668,4,0,5.95
30.9,53.1519650458133,Rain,6,2.85,Standard,1.111996398094757,8,0,7.47
54.1,32.02595342872232,Rain,5,0.64,Standard,0.0,15,1,8.73
39.6,40.0560990599391,Clear,1,2.68,Standard,0.5611601871146932,11,0,5.28
26.5,60.63601183433005,Clear,8,0.46,Standard,2.4128628484844326,7,0,5.55
34.4,57.336974493184584,Clear,7,1.27,Standard,1.0619517143617347,8,1,6.41
29.4,69.51457764383876,Rain,1,2.71,Standard,1.0574736979107056,7,0,7.54
13.6,44.19080167266705,Clear,6,2.76,Standard,1.0516401578417005,5,1,4.03
58.9,56.03684006809435,Clear,8,5.38,Standard,1.0907657357541929,12,1,8.55
54.5,42.90638660409109,Rain,8,3.99,Standard,0.0,12,1,8.63
24.9,67.71031388396787,Clear,8,7.55,Express,0.6323329781622521,7,0,5.62
20.3,76.43343008845446,Rain,3,5.38,Express,0.7734750177437174,4,0,5.95
13.8,63.69984689055045,Storm,7,4.97,Standard,1.6970467794773887,4,0,7.37
35.4,74.10149697297848,Clear,2,9.45,Standard,0.8333710262356072,10,0,7.48
35.6,55.584997531981514,Clear,6,5.21,Standard,0.0,9,0,6.9
16.7,69.50068902991316,Storm,4,6.77,Standard,1.1010624093202266,5,0,7.26
29.5,56.35751936702429,Storm,2,0.86,Express,0.23732274623007843,7,0,6.99
38.9,36.55129480145618,Clear,5,2.42,Express,0.0,12,0,3.92
19.6,59.44098499657491,Clear,7,3.88,Standard,0.2160886672983935,5,1,5.91
23.4,37.08465951177083,Clear,4,3.16,Standard,1.179752960765161,7,0,5.13
23.3,97.10432112824039,Storm,4,1.74,Express,1.6811328678320479,6,0,7.06
17.2,48.98641314204398,Clear,1,5.0,Express,1.1380509616243106,5,0,3.82
23.6,66.61068139808195,Clear,5,5.77,Standard,1.242416256531915,7,1,7.48
10.7,54.7765620485393,Rain,1,2.84,Standard,1.1311316909866007,2,0,4.98
22.6,32.7949583673537,Clear,1,2.5,Standard,0.8709290238023278,7,0,5.46
22.8,20.826585458837712,Clear,8,2.1,Standard,1.2878514444739304,8,0,6.52
25.1,68.48225119133436,Clear,7,5.14,Express,0.0,10,0,4.06
33.1,82.88813668187908,Rain,3,2.47,Express,0.8777618459133832,8,1,5.94
13.2,41.77353327021355,Clear,1,3.09,Standard,0.06855247576442391,5,1,2.85
14.5,25.179534647927376,Rain,2,6.33,Express,1.6140318007808974,8,0,5.0
17.0,49.14707081641075,Rain,4,3.64,Standard,0.6969912863481977,7,0,6.61
12.5,38.13189318570281,Clear,7,3.09,Standard,0.8216636617874812,4,1,5.26
35.0,43.29431776248233,Clear,1,1.98,Standard,0.0,8,1,4.74
19.2,65.98672659505513,Clear,6,2.98,Standard,1.511781622308996,7,0,6.15
25.5,54.09166514674891,Clear,2,1.78,Standard,1.2391296841916666,6,0,6.42
16.3,40.068863940123684,Rain,5,3.49,Standard,1.1898635176383523,7,0,7.56
21.4,65.59301415270151,Rain,4,2.16,Express,0.23088400348182447,7,0,4.88
30.3,67.00370221136424,Clear,7,2.36,Express,0.258452108543309,9,0,2.85
31.0,48.93296525119675,Clear,6,2.99,Standard,0.9565196181121337,8,1,6.79
14.8,57.48249737652508,Clear,7,8.15,Standard,0.3138511128263643,4,1,6.42
24.9,64.36903389538554,Rain,7,3.83,Standard,1.104425073874137,9,1,8.08
16.4,62.66985635770115,Clear,6,1.28,Express,0.0,5,0,3.54
24.4,55.73105356537959,Clear,5,2.47,Standard,0.4587188105153852,6,0,5.19
18.4,80.78655012805532,Clear,6,2.01,Standard,2.057727425798544,6,0,5.71
60.8,65.48825463427335,Clear,2,1.95,Standard,1.1076400795970354,14,0,7.71
38.8,46.88777770304081,Clear,8,2.0,Standard,0.9167555651716949,8,1,6.66
31.7,46.995956781419714,Clear,7,2.52,Standard,2.1896585749699495,7,0,7.98
22.4,44.954445697539875,Clear,5,1.81,Express,0.0,6,1,3.06
39.4,66.3781770501006,Rain,7,1.82,Express,0.22928221964832485,11,0,6.69
25.2,43.790543919965685,Clear,6,2.02,Standard,0.5191787797768277,6,0,5.03
57.6,47.351816394349484,Clear,5,1.95,Standard,1.400845863103773,11,0,9.23
41.4,74.04440298608463,Clear,5,1.62,Standard,1.4129594542597654,7,0,7.07
21.3,58.449375317213004,Clear,1,4.4,Express,0.1937953037121618,4,0,2.1
54.3,76.57358728818137,Clear,1,2.29,Standard,1.4985680254997846,15,0,9.19
22.4,69.36507772034216,Clear,8,2.6,Standard,0.5176796628748048,7,0,7.1
62.6,33.81990707673886,Clear,1,2.46,Standard,1.648147737954417,15,1,9.61
55.8,53.16160495166738,Clear,6,1.9,Standard,0.07715011131455962,14,1,7.06
30.2,72.81908271943377,Clear,4,1.58,Standard,0.7136818806536877,8,1,5.49
10.9,33.000830827281774,Clear,2,4.67,Standard,0.45688287923640786,4,1,3.47
29.0,62.55479476645617,Rain,6,1.64,Standard,1.5392212600959998,9,1,9.57
14.1,54.29374347342261,Clear,7,1.7,Standard,0.4340531484036803,5,0,3.96
18.6,23.413802641797034,Clear,1,5.57,Standard,0.7702860296917708,8,0,4.31
19.4,57.153867481340804,Clear,5,2.04,Standard,1.1547679783641345,7,0,5.29
14.0,39.92557570972241,Clear,6,2.97,Standard,1.1816809381182836,4,1,4.98
29.1,33.98226792190433,Clear,5,2.38,Standard,1.42086682523122,7,0,7.03
17.5,55.16453216480739,Clear,8,2.9,Standard,0.9477873437912667,4,0,4.33
23.0,20.244647093445877,Rain,7,7.23,Express,0.5072257593041183,8,1,6.89
19.5,42.86277473347212,Clear,5,1.78,Standard,0.5552108782488747,5,0,4.36
33.1,100.0,Clear,5,4.41,Standard,0.8179706206453284,7,1,8.43
31.9,66.70400308132497,Rain,8,4.66,Standard,0.9747147332520684,9,1,9.63
22.0,39.13435168898764,Storm,3,4.44,Standard,0.6969798465060946,6,0,7.18
34.0,80.27498692180714,Clear,4,7.03,Standard,0.8134423946758831,9,0,7.11
46.9,37.14321590601159,Clear,2,0.6,Express,0.0,14,1,5.4
7.7,45.033487243561495,Clear,2,1.05,Standard,1.2671486991182748,5,0,3.93
18.9,34.320674621272815,Clear,1,1.55,Standard,0.926778602222601,6,1,3.47
15.4,59.60943781598837,Clear,3,2.12,Express,1.5013092894787619,3,1,5.72
18.0,79.63533319774831,Clear,6,3.53,Express,0.8001123551849595,5,0,4.77
7.0,37.017887813922584,Rain,8,1.61,Express,0.0,4,0,2.14
7.5,17.912025326636396,Clear,6,1.6,Express,0.5490876674853276,2,0,1.0
5.2,74.63740014134956,Clear,2,3.17,Express,0.6600490538171083,6,0,1.64
19.8,82.96840901957825,Clear,4,4.09,Standard,1.320032313803519,6,0,6.81
19.5,19.088551604534807,Rain,5,2.94,Standard,0.0,6,1,4.55
50.3,63.280978146036,Clear,7,4.22,Standard,0.8288256618642544,11,0,7.58
27.9,59.077096338075194,Clear,1,0.91,Standard,1.1595726510553144,8,1,6.38
33.5,40.82544451202041,Clear,4,1.81,Express,0.3369584803029363,7,0,3.66
130.8,29.901597999953808,Clear,2,1.5,Standard,0.8522396068717932,31,0,13.69
7.7,72.851506218038,Clear,3,2.04,Standard,0.3610744435951089,6,0,4.04
58.1,58.22326956622951,Clear,1,2.83,Express,0.28929894674572676,15,1,7.01
25.3,59.57967623368097,Clear,8,0.76,Express,0.5141061049080782,5,0,2.83
20.7,43.80815164900238,Clear,2,2.03,Standard,0.30251560527309257,6,0,3.41
19.0,40.56563431990077,Clear,6,1.8,Express,1.2785328183554328,8,1,5.42
30.7,10.810476257068963,Rain,1,0.97,Standard,0.28553368621523567,9,0,4.44
20.7,50.89549546387217,Clear,8,4.29,Standard,0.16796299506645096,5,0,5.69
13.8,80.89887483017601,Clear,2,2.93,Standard,2.0375500667876736,4,0,7.73
19.4,38.975420439124235,Clear,6,2.05,Standard,1.4725180082768248,5,1,6.23
31.1,27.596535503198684,Clear,7,7.83,Standard,0.0,7,0,6.69
36.5,62.841962196226035,Storm,6,1.03,Express,0.2646621971032266,12,0,7.9
61.2,66.16143997203405,Clear,5,8.1,Express,0.9697240802058976,11,0,7.95
27.3,44.45369270773884,Clear,8,2.5,Express,1.0266285470620453,8,1,5.68
48.3,48.72223963540645,Clear,8,1.7,Standard,0.0,10,0,7.74
23.4,59.75025610993765,Storm,3,2.09,Standard,1.6109958449756254,5,0,7.55
25.1,52.20010956467212,Rain,8,2.25,Standard,1.3776570934271382,4,0,5.89
24.4,73.00232804357168,Clear,5,8.76,Standard,1.137331142428237,6,0,6.19
29.0,98.87036636663595,Clear,2,3.54,Standard,1.7497099434984849,10,1,8.01
39.8,24.235056006571796,Clear,7,1.33,Standard,1.1166029947996425,10,0,5.54
20.3,77.13559235004365,Clear,4,4.66,Standard,1.114006615476293,4,1,7.56
15.9,56.89467461842001,Rain,7,2.26,Express,1.8903754902755696,7,1,6.81
41.5,79.9876168993749,Clear,7,0.37,Standard,1.5708537065093962,12,1,9.14
40.0,68.03838120278223,Clear,8,4.58,Express,0.2109447787619282,10,0,5.73
52.2,56.100816278842814,Rain,7,4.66,Standard,1.2432366250703408,15,1,9.42
18.7,68.68041296393861,Rain,8,2.35,Express,0.3350124945289927,7,0,4.07
23.0,47.90519611867364,Clear,5,1.88,Standard,1.1529081856651946,8,1,5.35
42.3,41.06257440211262,Rain,4,4.96,Standard,1.1336294549138701,9,0,8.2
20.2,69.59553608077029,Clear,6,1.81,Standard,0.0,7,1,5.45
35.7,39.802087921788925,Rain,8,5.67,Express,0.7147080720822754,9,0,7.14
23.4,66.56270664954822,Rain,2,1.84,Standard,0.9856799165062816,7,1,5.64
30.6,55.55345649557498,Clear,3,2.7,Standard,0.4945968663040902,7,1,5.79
13.6,13.070050279793634,Rain,4,3.78,Express,1.0202969596735318,5,1,3.88
27.1,44.66111589166709,Rain,2,3.28,Standard,1.3641284439007482,6,1,7.38
4.6,61.02708751044319,Clear,8,1.73,Standard,0.7785848550384711,1,0,4.11
46.5,47.69198804964714,Clear,4,3.64,Standard,0.9572196336957817,13,0,6.58
38.2,10.0,Rain,8,4.51,Standard,1.7683968549891826,7,1,9.02
15.3,78.77350230087089,Clear,5,1.38,Standard,1.1312376082576583,5,0,6.94
58.7,58.048750922889,Clear,2,3.85,Standard,0.9405770027721316,14,0,8.92
45.0,62.9873072428565,Rain,5,2.64,Standard,0.12934443425104758,11,0,7.26
14.0,46.481029260791615,Rain,1,1.45,Standard,1.2697182079721943,4,0,4.91
19.5,64.56681438663983,Clear,2,3.54,Express,1.031104964574357,6,0,4.28
14.4,88.02676260256065,Clear,4,4.84,Standard,1.6986176035909857,6,0,5.97
31.0,41.76868629470756,Clear,1,1.96,Standard,0.8328149803123179,9,0,5.54
19.0,85.00622869642727,Clear,5,3.66,Standard,0.0,8,0,4.29
8.6,62.17415318605613,Clear,5,2.25,Standard,0.0,4,0,2.01
25.0,39.35021053533646,Rain,4,4.25,Standard,1.3149765346318134,7,0,6.94
40.6,94.82303147663815,Clear,1,5.42,Standard,0.4008644816112928,9,0,7.04
27.4,62.049524318000785,Clear,7,3.42,Standard,1.105737425777348,8,0,5.99
34.1,67.17661603791474,Clear,6,4.49,Express,0.8799628511516493,10,1,5.64
28.7,50.15166211491836,Storm,3,4.99,Standard,0.6832122326142556,7,0,8.11
37.4,40.66612038406869,Clear,4,1.95,Standard,0.7325471000882438,10,1,5.7
30.1,58.02063840416421,Clear,5,2.22,Standard,0.19422734646834128,8,1,5.6
24.3,83.4663470226999,Clear,2,3.72,Standard,0.7889556177702305,8,0,7.29
27.2,49.4261233806576,Clear,1,6.18,Express,0.390854597043921,9,0,5.19
53.2,54.518477579665515,Clear,8,1.21,Standard,0.5394204359120067,14,0,6.51
35.1,81.21391249563253,Clear,6,3.98,Standard,0.5734456687035874,9,0,5.84
15.3,49.594116775523666,Clear,3,5.86,Standard,0.6413147110708965,4,0,4.81
27.0,64.18497360104418,Clear,2,2.59,Standard,1.4455214195549604,6,0,4.95
30.8,70.79230912131456,Clear,1,2.89,Standard,0.7091464195567146,9,0,4.41
23.9,51.4579429202143,Clear,6,2.84,Standard,1.5165916356130689,10,0,6.9
8.6,60.57707667759861,Clear,4,2.73,Standard,1.876498465928537,3,1,5.9
16.1,66.89984999826112,Clear,8,1.69,Standard,1.3984612557393046,6,0,6.04
20.8,47.78352651620572,Clear,6,2.66,Standard,1.1741279745479578,5,1,5.98
62.2,69.68377296981987,Clear,4,1.73,Standard,1.0287825466384641,13,0,8.4
33.2,45.1542504978021,Clear,8,4.3,Standard,1.405751096335049,8,0,6.47
10.7,42.84842357871116,Clear,8,0.82,Standard,0.8625525170173677,1,0,4.07
24.7,27.513260905231775,Clear,7,4.87,Express,1.489198892170039,9,1,7.16
49.0,45.93767780978095,Clear,1,5.35,Standard,1.229874063702779,8,0,6.93
18.9,40.320951366336026,Storm,8,3.26,Express,0.5481116774537286,5,0,5.22
43.1,47.78426878741046,Rain,6,7.72,Standard,1.4270956160719641,9,1,8.71
10.9,66.01586737446078,Clear,8,3.82,Express,0.864036004184298,3,0,3.34
5.0,23.937863439248147,Clear,3,3.53,Standard,0.7257075946713788,5,0,3.61
46.3,19.455923897432058,Clear,6,0.78,Standard,0.466660587720709,12,1,4.87
20.2,41.51657410027691,Clear,1,5.56,Express,0.9162131935122007,5,1,4.93
8.8,63.30214888455983,Clear,2,1.56,Express,1.4975238307890884,3,0,4.05
21.1,60.199569046354355,Rain,2,1.43,Standard,1.4222580039151262,5,0,4.79
28.6,41.228878007603335,Clear,6,3.35,Standard,1.0473756582212697,8,1,5.72
32.6,76.04934817881632,Rain,6,1.74,Standard,1.2197505485075246,9,1,8.26
6.0,43.14862116786986,Clear,4,2.56,Express,1.6901877540657906,6,0,3.84
18.1,63.32417175028828,Rain,1,5.83,Standard,0.6950235961803973,3,1,6.66
26.7,48.4698461043849,Rain,4,7.17,Standard,0.019205997528855767,7,0,6.15
32.5,39.362025682114194,Clear,3,1.96,Standard,1.7107908965250007,8,0,7.26
15.2,44.108797813934686,Clear,7,2.63,Express,0.4291552235784972,6,0,3.22
23.2,68.21200692664405,Clear,2,10.22,Standard,0.3167633136592668,7,0,5.47
18.9,61.498452612569594,Clear,8,7.13,Standard,0.0,7,0,4.66
29.1,72.42584794797777,Clear,8,5.06,Express,1.1998981372150075,8,0,6.82
45.5,61.49774948566747,Clear,5,1.73,Standard,0.0,10,0,6.09
21.7,25.998949662864053,Clear,5,1.98,Express,0.27481883461578427,8,0,3.78
11.9,93.05946701755828,Storm,1,5.03,Standard,1.211765756160541,6,0,8.46
17.6,61.75304225305244,Clear,8,0.7,Standard,1.3053448766858604,7,1,4.53
58.4,64.26408797898813,Storm,1,5.61,Standard,0.34380709624723654,16,1,10.12
16.2,48.21692176906191,Clear,5,6.5,Standard,0.7060926711053164,6,0,4.54
13.2,75.03720927941275,Rain,1,2.38,Standard,0.18918383151569296,7,1,4.95
21.0,35.32406390919782,Clear,2,7.24,Standard,0.41612224853217217,7,0,4.74
24.7,65.97692339794287,Clear,3,3.92,Standard,0.9863506821070349,7,0,6.62
19.5,17.566600919553295,Rain,3,1.28,Standard,0.44884732484247974,6,1,5.88
10.9,67.1897533843033,Clear,8,3.15,Standard,0.6290494718770316,4,0,4.46
30.6,35.56809259049027,Rain,4,1.86,Standard,0.0,7,0,5.08
29.1,59.98590136768826,Clear,2,3.42,Standard,1.5930693153642963,10,0,6.27
36.7,79.43212840143114,Clear,7,1.21,Standard,1.157046615219746,10,0,7.2
28.8,69.8089127410079,Clear,1,7.58,Standard,1.3550337602860414,8,0,7.3
55.9,77.0388700621161,Rain,1,4.26,Express,1.7032977272318035,14,1,10.35
38.1,75.17527198566056,Clear,8,2.21,Standard,0.2223509871179986,14,0,7.54
34.3,45.56291062762218,Rain,7,3.48,Standard,0.5491238618803835,7,1,5.51
46.3,65.76994312854137,Rain,4,2.91,Standard,0.0,10,1,7.61
27.9,23.951495873047424,Clear,4,7.74,Standard,2.998296037071566,6,0,8.99
23.5,42.63514447700348,Clear,1,2.88,Standard,0.6952902792778367,6,0,4.3
30.4,80.06778798911293,Rain,1,3.35,Standard,1.5271095299404385,8,0,8.59
8.4,48.06933755632802,Clear,7,1.08,Standard,0.0,3,0,2.76
27.9,21.37596603992661,Clear,8,3.4,Standard,1.4974718979501067,7,0,6.19
24.7,91.24658051196442,Clear,2,3.83,Standard,2.100313613654766,7,1,6.99
32.1,65.12050509705496,Clear,7,1.42,Standard,0.7578034756804131,8,1,5.7
43.1,68.76060796550422,Clear,4,4.63,Standard,0.09238295238727912,11,0,7.27
34.8,37.35154837140584,Clear,7,0.65,Standard,0.7028425193381248,11,0,6.5
17.6,60.11301826953766,Rain,7,2.62,Express,0.0,7,0,4.49
39.6,59.636349476005506,Clear,7,1.05,Express,0.7734793092847108,11,0,4.82
56.3,40.21327258077385,Clear,2,3.07,Express,1.374676997519097,15,1,7.89
43.7,51.943245660583145,Storm,6,2.29,Express,0.77496964893854,11,1,9.62
12.5,27.991581169905682,Rain,1,4.0,Standard,0.6011023117177229,4,0,5.83
34.6,48.75922840823197,Rain,5,2.85,Express,1.1692976812784233,8,0,6.14
13.5,72.52923263067674,Clear,8,3.94,Standard,1.2228173928646868,4,0,4.41
22.3,41.55673133814247,Rain,7,3.11,Standard,0.0,6,0,5.89
31.6,89.33136105567796,Clear,8,5.79,Express,0.862176073595152,9,0,6.41
29.5,29.15035277436898,Clear,5,5.28,Standard,2.50518958696047,8,0,8.22
43.3,50.316843703679304,Clear,6,1.79,Express,0.0,12,0,5.39
56.5,43.184260654945746,Clear,1,5.51,Standard,0.7402068170168535,12,0,7.02
33.3,51.756745035288354,Rain,4,3.81,Express,2.1592222854361918,11,0,7.84
21.4,79.68654607853661,Clear,5,6.12,Standard,1.5729226095805728,6,0,7.94
8.6,37.27980106364626,Rain,8,1.46,Standard,0.440622323456757,2,0,4.07
48.8,46.877130443268456,Rain,8,1.21,Standard,0.9442947657358227,11,0,7.32
24.7,66.7811035490165,Clear,8,1.23,Express,0.7985218240106237,11,0,4.0
25.4,56.67685803851774,Clear,4,7.22,Standard,0.2763497369748329,6,0,5.0
26.5,58.15314908756205,Clear,5,6.2,Standard,0.7480235247548424,7,1,6.35
32.5,37.62502588720797,Clear,8,5.27,Standard,0.6040237070354296,8,0,6.78
33.0,53.71149751115505,Clear,4,1.11,Standard,0.8789242566537248,8,0,4.85
22.5,75.36841212771142,Storm,7,5.31,Standard,0.2761317735162767,5,1,9.4
24.6,26.02862230454237,Clear,8,1.17,Standard,0.0,7,0,3.06
18.7,42.44843528741751,Clear,5,0.37,Express,0.7711034586253405,7,1,5.77
17.6,22.32025066854395,Rain,4,2.25,Standard,2.000582752725146,6,0,7.56
17.6,64.66556254498734,Clear,6,2.67,Standard,0.8575420483839575,4,0,5.09
24.5,77.05846981566044,Rain,2,6.69,Standard,0.5678843547479183,6,0,5.6
15.8,51.69862022874323,Clear,4,1.44,Standard,1.3278600635269489,4,0,4.7
4.8,36.90063973872465,Clear,2,10.7,Standard,0.6891762711832351,3,0,4.32
21.2,37.427563873818364,Clear,2,3.4,Express,2.107623047471377,8,0,4.37
12.9,49.65297025829063,Clear,1,2.78,Standard,0.7972612434934451,4,1,4.73
27.4,49.584303182952546,Clear,7,2.77,Standard,1.2903479442107144,7,0,5.52
18.7,71.41297201324066,Rain,6,1.21,Standard,0.2717769323247091,8,0,5.16
32.7,42.96023138002577,Clear,2,2.39,Standard,1.1521624773356638,10,0,5.91
13.6,62.831410087345475,Storm,3,3.57,Standard,0.9925654338606279,6,1,7.29
9.4,49.50153947353837,Clear,7,5.38,Standard,0.7604457127385544,7,1,7.15
24.6,41.59437480568293,Clear,2,2.32,Express,0.44876956718119587,8,1,3.84
20.7,49.0532308598624,Clear,4,3.38,Standard,0.35337888404333795,3,0,4.54
12.3,61.05769087367764,Storm,2,4.88,Standard,0.9976468647857568,6,0,7.39
38.1,71.46880101787065,Clear,4,2.27,Standard,1.2402573767875316,7,0,7.01
14.9,50.464482631147185,Clear,8,5.6,Standard,0.710986042594108,6,0,5.68
17.2,33.32911364564015,Rain,4,4.28,Express,1.0010875503845547,3,0,5.21
41.8,72.99486645877792,Clear,3,5.06,Standard,0.7734597253070613,10,1,7.99
33.7,38.83295110326194,Rain,2,0.74,Express,0.8689682174337715,8,0,5.39
14.0,59.69481701819559,Clear,2,2.46,Standard,0.6596885121259426,4,0,4.18
21.7,54.55301198133242,Rain,5,1.92,Standard,0.8125808055578159,6,0,5.8
13.2,52.14573833776806,Storm,7,0.62,Standard,2.6886283197721985,6,0,7.81
40.3,46.234426596615876,Rain,5,5.3,Standard,1.0181440091651974,9,0,7.91
40.3,66.16267804747835,Clear,1,0.95,Standard,1.25170787090173,11,0,6.96
60.7,10.0,Clear,4,6.83,Standard,1.106616523729668,13,1,9.09
72.8,75.45646915060667,Storm,3,2.91,Standard,0.6160282236920585,16,0,11.55
18.5,38.57486006090737,Clear,5,4.03,Standard,1.7057924493041674,6,1,6.14
37.0,62.34322437551167,Clear,2,1.96,Standard,0.5961853607015611,8,0,5.73
8.7,61.39046112282872,Rain,1,5.58,Standard,1.538538184259786,2,0,5.48
28.5,77.94959287637474,Clear,3,2.84,Express,0.5660551013534859,8,0,5.13
32.2,58.55948443968524,Clear,6,4.17,Standard,0.12801923659917147,10,0,5.77
15.3,40.07603474858718,Clear,2,5.95,Standard,1.055777345765335,5,0,5.14
17.9,26.11441021760256,Clear,2,4.53,Standard,0.026732150728525417,5,0,4.36
40.4,48.72154321228646,Clear,8,2.29,Standard,1.1749481575116265,10,0,6.54
32.6,19.752842280105774,Clear,6,2.85,Standard,0.0,9,1,5.72
56.7,43.6872572864064,Clear,4,5.16,Standard,0.5766943786690027,14,0,7.99
53.4,49.732648834056306,Rain,4,2.5,Standard,0.0,9,1,9.15
10.0,42.58151239547936,Rain,5,3.02,Standard,2.7769169065819104,2,0,6.56
19.5,55.75192583256842,Clear,5,3.67,Standard,0.0,5,0,4.81
14.4,50.75012780345426,Clear,2,1.96,Standard,0.806869618277483,5,0,4.19
37.8,49.101642256081924,Rain,7,2.81,Express,1.6003129920310095,10,1,6.84
30.0,11.365288893328497,Clear,2,3.39,Standard,1.5254701360109177,9,0,5.39
15.0,31.695306747660116,Clear,5,3.35,Standard,1.395939485521196,5,0,5.6
16.3,66.56782117338777,Clear,6,3.27,Standard,0.5779401282449672,3,0,4.33
47.4,69.476612913054,Clear,5,2.34,Express,1.7457622624359015,14,0,6.09
20.7,21.90201907637808,Rain,2,3.49,Standard,1.4393737635615278,8,1,6.65
8.0,40.33507273778563,Clear,3,6.59,Standard,0.9486097323623337,2,0,3.51
14.3,74.2953766167843,Rain,2,2.84,Express,0.9684065304086145,5,0,5.01
62.8,42.075301358707314,Clear,3,3.46,Standard,0.5872541466692393,14,1,9.55
42.5,52.99316583174798,Storm,3,2.81,Standard,0.16324358191687316,11,0,8.85
12.8,80.95249592228635,Clear,2,6.38,Standard,1.6660056828351015,6,0,7.56
28.5,48.49160839401891,Clear,7,2.5,Express,1.7185455955210722,11,0,5.72
41.1,45.915050616631916,Clear,7,1.58,Express,0.18112360127905514,11,1,5.48
9.9,52.17333956933267,Clear,1,4.64,Standard,0.6923503843976658,4,1,3.84
43.5,88.3613943621969,Clear,5,2.42,Standard,0.6996037484787497,10,0,6.76
32.4,63.03163305321064,Clear,7,4.47,Standard,0.7771408673817831,9,1,6.49
17.4,55.34346930003582,Clear,4,2.16,Standard,0.8450064150113072,8,0,4.04
35.1,45.5615207977315,Clear,2,1.34,Standard,1.462803023152326,9,0,7.27
30.2,64.69870470726022,Clear,3,2.9,Standard,0.2769478840592795,7,0,3.69
31.3,66.87459585875438,Rain,2,1.03,Express,0.2075571059411382,6,0,5.78
28.0,35.68278682944154,Rain,5,3.62,Express,1.6656338195000826,8,0,7.34
15.9,67.35930745503087,Rain,6,5.01,Standard,0.4761486806830913,6,1,6.99
17.6,52.279258840778255,Rain,7,8.85,Standard,0.0,5,0,5.28
22.9,55.44637542331492,Clear,7,2.1,Standard,0.460409040530091,8,1,4.48
26.6,39.08279794621027,Clear,7,1.77,Standard,0.5689630853291995,7,0,4.59
36.2,47.800323499079624,Clear,3,4.93,Standard,1.8884739094080354,9,0,7.97
63.6,36.45743922598908,Rain,4,4.72,Standard,1.4473783486637162,15,0,10.02
29.2,35.592072937906586,Storm,8,4.91,Standard,1.6032644316425695,7,0,8.18
35.9,61.78762396768204,Clear,4,8.93,Standard,1.37398154964275,10,1,9.5
40.1,48.60790182202405,Clear,7,3.02,Express,1.46237057013072,12,0,8.0
37.2,31.606521942476512,Clear,4,10.05,Standard,0.3183425113937774,8,1,6.9
15.6,94.18694765479077,Clear,6,2.37,Standard,0.660978491252561,6,1,5.97
49.6,34.756209292313144,Clear,7,1.88,Express,0.1070592808835159,12,0,4.32
45.7,74.65785329834802,Clear,1,1.76,Standard,0.6526583786240767,11,0,6.47
27.8,28.423654450807568,Storm,3,1.68,Standard,1.2788734936543187,9,0,8.07
16.1,63.21704203302032,Clear,6,9.19,Standard,0.8942082993685728,5,0,6.47
26.3,50.489913364863554,Rain,8,6.17,Express,1.7180365732722067,8,0,6.95
10.6,43.67697883554871,Rain,3,8.69,Standard,0.0010089454409466514,5,0,5.02
52.9,58.54136182778271,Rain,8,0.71,Standard,1.150166845488768,12,0,8.44
18.4,56.12067741392798,Clear,7,1.16,Standard,0.0,6,1,4.35
22.2,40.37562669372319,Clear,6,2.43,Standard,0.8659235284215496,6,0,5.32
51.0,39.560700145834,Clear,7,2.18,Standard,1.3182333957895351,12,0,6.3
47.9,26.669544184100783,Clear,8,3.47,Standard,0.6498482032230466,11,0,6.84
30.8,60.50015891842692,Clear,8,3.07,Express,1.1857886228608692,9,1,6.65
57.0,32.43151311219985,Storm,6,1.42,Express,0.12818736561694621,14,0,7.68
15.4,55.07154921730928,Rain,7,2.02,Standard,0.0,6,0,4.57
30.8,65.6646037141729,Rain,1,2.52,Standard,1.1899207357414623,8,1,7.17
15.4,58.744990572832975,Rain,3,1.26,Standard,2.0208071638530125,3,1,6.34
44.3,41.98363663568935,Clear,6,2.75,Express,0.10276854188107565,11,1,5.74
43.5,71.35862340429944,Clear,1,1.33,Standard,1.6555359260747566,11,0,7.62
59.0,47.656513394177445,Clear,2,2.7,Standard,0.8303963861714877,14,1,6.73
25.9,30.98510633791016,Clear,7,1.57,Express,0.0,6,0,3.68
67.4,49.892904919841,Rain,5,5.3,Express,0.007946289053486266,14,1,8.48
14.8,65.56235280372508,Clear,6,3.92,Standard,0.8110493413524551,6,0,6.71
25.2,42.86054234061771,Clear,4,3.85,Express,0.5168763984531275,7,1,3.78
15.0,70.80728346946547,Clear,1,4.67,Express,0.0,5,1,3.12
28.7,41.134130826082284,Clear,1,4.05,Standard,0.0,7,0,4.37
15.7,43.58416251366051,Clear,6,5.32,Standard,0.20729647045144584,5,1,5.25
44.4,36.17057771464145,Rain,8,3.28,Express,0.9356663058317828,10,0,5.55
33.0,67.30677166434452,Clear,1,4.63,Standard,0.7955194731778035,7,0,5.5
14.1,54.04163373839435,Clear,2,3.78,Standard,0.4491334297499453,6,0,4.75
39.2,37.364284940608464,Clear,1,3.76,Standard,0.9413210360040379,9,1,5.95
54.9,47.868213838940136,Clear,5,0.98,Express,1.5280187039038813,13,0,8.22
34.6,10.0,Clear,5,1.44,Express,1.0758885573039034,10,0,4.33
12.0,69.00350254239959,Storm,8,3.5,Standard,0.7150839300272935,4,0,6.44
24.0,51.926560489030464,Clear,7,1.76,Express,1.4496504046624823,5,1,5.79
36.9,11.68771328182185,Clear,7,2.84,Express,0.12810478844859363,13,1,6.35
22.8,28.779734056166525,Clear,8,2.07,Express,0.6425563223112539,6,0,4.11
14.7,47.41130687396314,Rain,4,2.13,Standard,0.6592384450797424,6,0,6.14
47.0,31.344926336112934,Clear,2,3.06,Standard,0.0,14,0,7.35
22.3,69.28028782634905,Clear,5,2.48,Standard,0.5060880864009496,8,0,4.64
54.9,62.53431194784078,Clear,8,6.76,Standard,0.0,13,0,8.82
19.6,61.47164698332164,Rain,6,1.05,Standard,2.1385246333640673,6,0,6.02
21.6,10.0,Clear,3,4.25,Express,0.14381034809458104,5,1,3.59
18.8,45.541748544275904,Clear,3,4.79,Standard,1.9102798919949182,7,0,6.2
23.8,42.442903889036984,Clear,3,7.04,Express,0.8266591540036448,8,0,5.95
32.7,37.82701982611742,Clear,7,3.11,Standard,1.1954048925091714,8,0,7.18
15.1,47.526844939053184,Rain,6,4.49,Standard,0.45784014115434796,3,0,5.67
13.6,34.72771227245087,Storm,1,6.7,Standard,0.9455507843731721,3,0,6.94
9.8,58.87397319310392,Clear,6,1.96,Standard,1.2553427479919053,5,0,5.22
9.2,68.79792437807988,Rain,1,1.58,Standard,1.2651866900759274,4,1,5.85
12.0,67.24690729162609,Rain,3,3.2,Express,1.34234137305205,5,0,5.13
19.5,52.51759746919335,Storm,4,2.56,Standard,0.5421671029725766,5,0,7.77
28.4,90.98631453400304,Clear,4,4.55,Standard,0.4637482292560515,5,1,7.62
31.8,75.51955206100918,Clear,8,1.1,Standard,0.0,10,1,6.09
27.8,53.17195233389407,Clear,1,6.44,Standard,1.1662533078238557,8,1,7.08
51.7,46.3191002163727,Rain,3,3.52,Standard,1.5576650979264097,14,1,9.8
60.2,79.08448893007457,Clear,6,2.51,Standard,1.9311871759425507,13,1,9.0
22.3,73.13645228972919,Clear,4,2.98,Standard,1.0136208442063555,6,0,5.43
15.2,29.61231033116387,Clear,1,5.51,Express,0.26346415896400155,6,1,4.77
69.5,74.54478374611742,Clear,8,4.1,Standard,0.0,17,0,8.57
46.1,52.22127637496928,Clear,6,2.94,Express,1.5291667131583453,12,0,8.69
44.4,39.50359244931955,Rain,3,2.6,Standard,0.0,10,0,7.39
19.1,19.374294533668063,Clear,2,2.68,Express,0.5615771455793633,7,0,3.39
39.7,50.159508495439574,Rain,3,4.43,Standard,0.642985220439448,12,0,8.08
27.9,54.77990346604135,Clear,7,2.46,Standard,0.7513814035042865,7,0,4.98
24.9,83.57189777398392,Clear,3,4.22,Standard,0.8250618200250881,6,0,5.77
24.9,72.23020853947634,Clear,8,1.61,Express,0.8967032894573026,9,1,6.81
33.5,44.508039015231375,Clear,6,1.81,Standard,0.0,8,1,5.0
52.6,62.00816309595527,Clear,8,2.92,Standard,0.8102591369090888,13,0,8.89
72.5,69.87248960811083,Rain,6,2.59,Standard,0.0,16,1,9.03
20.9,56.54723298430988,Clear,5,1.88,Standard,1.3125526511636965,3,0,4.23
28.7,44.43122513743833,Rain,5,1.32,Standard,0.4114123909374716,9,1,7.88
24.6,45.42089578761798,Clear,6,1.7,Standard,0.0,3,0,3.86
32.4,61.93851526822514,Clear,6,7.42,Standard,0.23005672583023695,6,0,5.81
23.0,62.433650179450844,Clear,2,1.88,Standard,0.4009472625707424,7,0,5.7
66.3,49.7268169162562,Clear,2,3.07,Standard,1.6334897322885031,16,0,10.29
18.0,10.0,Clear,3,1.88,Standard,0.9376464192251716,5,0,4.53
20.9,31.770590908756773,Clear,8,2.42,Standard,1.0411114610454062,6,0,4.68
19.3,66.15440058901802,Clear,7,5.1,Express,1.6268551439544208,2,0,5.03
24.0,16.644916047594236,Clear,8,2.55,Standard,0.7326989984528575,8,0,5.2
12.5,76.31525829460986,Clear,4,2.36,Express,1.3279315727226821,5,0,4.9
19.5,73.65083070049307,Rain,8,1.96,Standard,1.2787027797523942,6,1,6.96
32.2,55.739734874797705,Clear,7,2.48,Express,0.0,8,0,4.52
32.1,65.76275861611494,Clear,2,3.77,Standard,1.8310885043408807,9,0,7.45
29.5,64.51794421045994,Rain,3,0.78,Standard,0.0,8,0,6.54
50.3,52.896283689408165,Clear,7,1.18,Standard,1.4421566546344935,9,1,8.63
32.9,30.26999588340574,Clear,8,3.83,Express,0.0,12,0,3.64
49.4,72.41091355111035,Clear,1,3.04,Standard,1.2208657517061714,14,1,8.44
72.5,80.33014020490543,Clear,5,2.03,Standard,2.103340414705121,15,0,9.96
40.2,33.24537056363784,Rain,7,3.97,Standard,0.6509149404148522,10,0,7.81
12.5,29.59740990694541,Clear,4,2.28,Standard,0.6205510500027976,4,0,4.29
30.1,52.537655714367865,Storm,3,5.06,Standard,1.2273079995217944,10,0,9.01
27.9,43.727957278543904,Rain,7,1.97,Standard,0.5694224808262199,4,0,5.53
54.9,57.609086323698264,Clear,6,1.59,Standard,2.072795092619975,12,0,8.94
24.5,76.74389271748696,Clear,8,11.57,Standard,0.934534574621087,4,0,7.57
16.7,14.57793211109508,Clear,1,4.44,Express,0.575881344245492,5,0,2.41
20.1,83.46289512914478,Clear,5,1.74,Standard,0.42180013047302184,5,0,3.98
12.8,47.67996804621544,Clear,1,2.29,Standard,0.1469360708788856,5,0,1.81
4.7,64.21202161570889,Clear,3,1.98,Express,0.36057150926975734,2,0,3.21
66.5,66.13706508588038,Clear,8,0.91,Standard,0.5545286244389825,14,0,8.81
26.2,68.23614077556033,Clear,2,2.38,Standard,0.458652648550994,8,0,5.5
13.4,56.11434587253994,Storm,5,3.24,Express,0.3392773081040274,5,1,6.97
57.4,60.320090832161426,Clear,8,6.55,Standard,2.2691888612467075,14,1,10.12
62.4,60.20239691089726,Storm,1,2.75,Standard,0.07893344645735723,14,0,8.3
28.4,43.654909585969946,Rain,2,2.15,Express,0.9026428113523224,7,1,5.98
12.2,23.355006554130444,Clear,4,7.05,Express,1.2147647068326104,4,0,4.25
20.3,33.0546551002265,Rain,3,6.15,Standard,1.241075596908613,7,0,5.29
23.1,53.12371636903538,Clear,3,3.23,Standard,0.7589750469522697,3,0,4.99
26.6,40.83748017586507,Clear,5,3.03,Standard,0.6315081997068833,8,0,4.98
14.4,40.87907069698837,Clear,1,3.75,Standard,1.1160832438676547,5,0,3.94
41.9,87.38651882235152,Clear,4,1.95,Standard,0.9865651549847405,10,0,7.03
7.6,70.46010633987771,Clear,6,2.95,Standard,0.6187288156627407,3,0,2.39
45.4,50.46263261362048,Clear,5,1.9,Express,0.0,7,1,4.69
50.3,67.09662902179795,Clear,8,6.28,Express,0.4724533943667268,11,0,6.66
21.4,47.435165099363786,Clear,6,1.64,Standard,0.0,9,1,5.35
25.1,56.99302181535694,Clear,5,3.39,Standard,0.3329883149535715,7,0,5.02
53.5,62.94931567154049,Clear,1,3.49,Standard,0.8232562669618717,12,0,8.08
36.2,47.48309258010619,Clear,4,6.59,Standard,1.0511153007976315,9,1,5.62
21.8,42.66549014433228,Clear,1,2.13,Standard,2.0463169259046845,7,0,5.24
23.2,77.03077273243306,Clear,3,1.85,Express,0.4238155347673304,8,0,4.69
33.6,66.05403340956592,Clear,6,4.29,Standard,1.3422379446926054,8,0,6.91
63.4,14.417004190731092,Rain,2,3.95,Express,1.0141720171064856,15,0,8.62
23.5,42.973553259431014,Clear,7,8.82,Standard,1.7071983694478527,9,0,6.2
21.4,40.93709500550091,Rain,8,3.26,Standard,1.2033601037169381,8,0,7.3
26.6,43.819514401376836,Clear,3,6.2,Standard,0.09406300089957864,11,1,5.59
26.6,70.52324119766011,Rain,3,5.79,Standard,0.0,6,0,5.63
30.6,55.34570742406645,Clear,6,1.84,Express,1.0178831897672533,11,0,6.22
25.1,29.98666592460018,Clear,8,1.0,Standard,0.43008430146972654,6,0,5.31
46.8,48.102132934744915,Clear,5,2.41,Standard,0.11378037783458195,12,0,7.15
16.0,64.75127765709142,Clear,3,4.94,Standard,0.0,6,0,5.97
32.3,51.04638972039242,Clear,7,6.66,Standard,0.9126828483110089,8,0,7.83
33.0,43.39583287905715,Clear,4,0.27,Express,1.8553953895193553,9,0,4.95
16.8,60.96194701729351,Storm,3,1.63,Express,0.5139293580057709,7,1,6.36
32.2,84.12746480990339,Clear,4,3.75,Standard,1.2131892177527255,7,0,6.61
33.4,63.30564699325333,Clear,1,4.41,Standard,0.7284135548476853,11,1,8.47
6.0,78.41694723457059,Rain,8,1.47,Standard,0.0,1,0,5.04
15.2,44.60294407843174,Clear,5,1.9,Standard,1.314367940457292,8,0,5.06
55.8,54.84948199976691,Rain,4,0.86,Standard,0.03371556918084018,15,0,8.47
18.9,54.486064278357716,Clear,3,7.56,Standard,0.8151386414154953,6,1,5.28
13.4,57.13622351321844,Rain,5,3.4,Express,0.5609357094962865,4,0,4.56
9.0,62.92935291485649,Clear,7,1.88,Standard,1.4251542041959842,3,1,4.66
14.4,38.458555821013995,Rain,5,5.95,Standard,0.059294305270519376,5,1,4.3
24.6,66.65198833924262,Rain,4,3.4,Express,1.0736089354613718,7,1,7.04
12.9,25.6980530988061,Clear,8,6.59,Standard,0.21214181485590944,6,0,5.16
36.4,30.95638007487973,Clear,4,7.15,Standard,0.44222635136985045,12,1,7.44
16.6,93.44126982111814,Clear,2,1.47,Standard,0.0,6,1,4.65
30.7,45.81782668938023,Storm,2,6.17,Standard,2.264469000132536,7,0,8.69
51.7,68.13134831775164,Clear,5,6.03,Standard,1.1853898529783624,12,1,8.36
50.1,85.56922706368522,Clear,6,3.98,Standard,0.26285675984328494,12,1,7.52
30.4,13.33979058198743,Clear,8,4.18,Standard,0.012741018166904317,7,0,4.53
13.9,75.27243124280278,Clear,6,3.25,Standard,0.4530458729844617,3,0,5.35
25.5,66.68098491266687,Clear,2,1.28,Express,1.301815674373616,10,0,5.94
31.0,84.52715105679472,Storm,3,1.21,Standard,0.0,9,0,6.28
79.5,33.73258309003671,Clear,1,7.75,Express,0.7008909064939634,17,0,8.33
8.9,81.12258382518303,Rain,5,3.4,Standard,2.0394493107238714,5,0,6.51
25.5,41.69054023115157,Clear,1,2.52,Standard,0.006237564822537234,5,0,1.94
35.7,73.98600065697983,Clear,2,4.34,Standard,0.8562695271345585,7,0,6.91
27.6,54.35162135642008,Clear,4,1.83,Standard,2.3423168706804303,6,1,7.07
29.2,68.87383851583249,Clear,7,2.22,Standard,1.242506140783541,10,0,6.71
17.1,55.87964529949276,Storm,5,3.04,Express,0.8881466743398186,5,1,7.74
41.5,21.890771484638876,Rain,2,2.04,Standard,1.154645518436302,7,0,6.71
26.6,10.0,Clear,8,4.07,Standard,0.5193942654932084,9,1,5.34
29.2,58.778479611702835,Clear,3,2.74,Standard,1.7097418997124079,7,1,7.43
43.8,50.252769322635736,Clear,7,4.06,Express,0.5204689839698518,8,0,6.53
22.1,62.16797712556529,Storm,5,4.3,Standard,0.0,6,0,7.2
48.7,50.46123761481565,Rain,5,5.86,Express,0.5260878272416782,13,0,8.19
12.7,91.32539288892076,Rain,8,2.42,Express,0.12328582908630759,5,1,5.08
30.0,59.14966830090948,Clear,6,1.45,Standard,0.6031641914617996,11,1,6.37
16.6,46.954940903512025,Clear,4,6.58,Standard,0.6186411586435585,4,0,5.0
14.3,61.07253519424359,Clear,5,0.81,Express,1.638196239863435,5,0,3.75
63.0,47.2838536561365,Clear,4,12.01,Standard,1.28670490866507,14,0,9.89
13.0,56.672744214051775,Clear,2,1.96,Standard,0.9842858413027776,2,0,5.06
26.9,33.08535662975498,Clear,3,2.76,Express,0.7979382120671835,9,1,6.35
